transaction,customer,credit_card_type,credit_card,product,ip_address,amount,date
1,1,diners-club-international,36479002621559,Lamb Tenderloin Nz Fr,198.147.248.193,423.76,2020-09-03
2,22,switch,633323966326235447,Cheese - Grie Des Champ,245.222.144.168,496.85,2020-05-08
3,100,diners-club-international,36267020790443,Tea - Herbal I Love Lemon,199.242.178.175,76.34,2019-12-24
4,4,mastercard,5007665704846585,Muffin Mix - Morning Glory,213.204.34.234,719.48,2020-08-17
5,5,jcb,3548549430641190,Wine - Duboeuf Beaujolais,148.26.31.129,890.88,2019-12-29
6,6,laser,630498424114662880,Cookies Cereal Nut,35.172.35.252,237.58,2020-09-03
7,7,jcb,3552031663732353,Veal - Bones,252.7.201.93,178.53,2020-10-12
8,8,jcb,3548693658888610,Muffin - Blueberry Individual,44.32.106.226,897.40,2020-10-08
9,9,china-unionpay,560224303843799694,"Beef - Bones, Cut - Up",158.127.14.43,141.91,2020-04-12
10,10,jcb,3583009282447218,Cheese - Cheddarsliced,163.4.232.29,427.65,2020-04-26
11,11,jcb,3546757497382754,Hot Chocolate - Individual,129.135.62.144,674.72,2020-09-10
12,12,bankcard,5602233898678469,Flower - Daisies,133.227.27.110,393.73,2020-01-23
13,13,jcb,3533572185769138,Nori Sea Weed,145.221.192.142,539.68,2020-02-08
14,14,diners-club-enroute,201421543753573,Thermometer Digital,151.235.91.43,170.04,2019-12-08
15,15,diners-club-carte-blanche,30392217696488,Wine - Rioja Campo Viejo,47.167.29.66,129.37,2020-03-25
16,16,jcb,3538527747152871,Salmon - Sockeye Raw,54.61.186.169,916.93,2019-11-28
17,17,diners-club-enroute,201708935182100,Cheese - Camembert,243.79.103.145,262.28,2020-06-24
18,11,maestro,6759538577629554943,Glove - Cutting,149.118.207.76,529.45,2019-11-21
19,19,china-unionpay,56022331609332486,Thyme - Dried,20.120.139.229,183.24,2020-01-27
20,20,jcb,3581477837157420,Croissants Thaw And Serve,52.2.61.48,221.13,2019-12-23
21,21,jcb,3573903775299809,"Nut - Cashews, Whole, Raw",134.250.201.148,88.89,2020-08-21
22,22,diners-club-us-ca,5566342172771421,Container - Foam Dixie 12 Oz,199.190.186.138,205.04,2020-06-29
23,23,americanexpress,374288973618498,Wine - Pinot Noir Mondavi Coastal,140.104.74.8,345.15,2020-05-15
24,24,visa,4041370424020,Potatoes - Fingerling 4 Oz,4.154.37.241,209.40,2020-07-08
25,25,maestro,6761168371892234,Nantucket - 518ml,151.148.91.212,824.98,2020-01-14
26,26,laser,6304775887958210,Beef Cheek Fresh,116.41.147.249,590.01,2020-04-24
27,27,visa-electron,4917988127370369,Wild Boar - Tenderloin,141.186.227.212,857.85,2020-01-02
28,28,jcb,3584351293087826,"Shrimp - Baby, Warm Water",51.34.60.199,547.77,2020-06-26
29,29,switch,4905529084034777286,Truffle Shells - Semi - Sweet,98.188.29.125,907.69,2020-01-27
30,30,americanexpress,372301149165146,"Tart Shells - Sweet, 3",27.91.105.93,335.47,2020-10-23
31,31,jcb,3541249305957667,"Wine - White, Riesling, Henry Of",77.89.62.44,979.72,2019-12-07
32,32,diners-club-carte-blanche,30558174684341,Coconut Milk - Unsweetened,42.149.33.251,38.39,2020-05-29
33,33,jcb,3586538155797884,Ginger - Pickled,42.219.200.91,201.03,2020-05-03
34,34,jcb,3542658072092871,Buffalo - Striploin,246.100.242.46,277.65,2020-04-12
35,35,bankcard,5602223766376429,Rosemary - Fresh,63.94.210.47,685.59,2020-01-10
36,36,visa,4041591033923,"Ham - Smoked, Bone - In",179.75.178.37,85.19,2020-07-25
37,37,mastercard,5048377074327110,Chocolate - Sugar Free Semi Choc,60.22.137.167,391.16,2020-04-26
38,38,jcb,3536713552365533,Chips Potato Swt Chilli Sour,153.205.119.53,114.86,2020-03-19
39,39,jcb,3533215928304827,Cocoa Feuilletine,185.5.50.100,410.87,2020-08-20
40,40,mastercard,5436046060601503,Foam Tray S2,92.124.160.53,293.82,2020-07-14
41,41,jcb,3534254388187447,Cheese - Le Cru Du Clocher,109.240.117.104,917.79,2020-06-17
42,42,visa,4808837460977300,Soup - Campbells Chili Veg,94.180.141.187,423.18,2020-06-10
43,43,diners-club-us-ca,5546452080600144,"Cheese - Brie,danish",233.26.59.51,402.41,2020-05-31
44,44,maestro,5038098223176529,Table Cloth 53x69 White,167.254.188.118,923.43,2020-04-12
45,45,jcb,3549232575205027,"Radish - Black, Winter, Organic",116.232.116.240,371.67,2019-12-06
46,46,jcb,3568118244484158,Wine - Chateauneuf Du Pape,192.10.131.73,657.35,2020-10-01
47,47,jcb,3540517581506973,Cakes Assorted,154.220.60.197,750.30,2020-03-15
48,48,jcb,3567537428251326,Cilantro / Coriander - Fresh,175.228.27.186,503.04,2020-10-05
49,49,china-unionpay,56104311219120696,Cookies - Assorted,28.108.36.233,794.52,2020-09-04
50,50,jcb,3571060807428575,Tea - Black Currant,0.57.81.216,19.41,2020-08-15
51,51,jcb,3577840127123285,"Beans - Turtle, Black, Dry",88.106.254.243,756.81,2020-06-10
52,52,jcb,3562215100707940,Island Oasis - Strawberry,62.116.198.77,606.39,2020-01-09
53,53,jcb,3533376166134589,Fruit Salad Deluxe,97.155.178.232,742.93,2020-10-22
54,54,jcb,3558389185019129,Crackers Cheez It,247.141.173.223,502.84,2019-11-27
55,55,jcb,3581994381629281,"Split Peas - Green, Dry",51.90.41.198,44.74,2019-12-22
56,56,maestro,6304927452133287,Veal Inside - Provimi,116.139.163.87,412.58,2020-08-07
57,57,diners-club-carte-blanche,30015639782632,Appetizer - Tarragon Chicken,181.125.137.146,803.97,2020-07-20
58,58,jcb,3589385910340361,Monkfish Fresh - Skin Off,234.165.10.54,397.05,2020-06-29
59,59,bankcard,5602220021699181,Water - Aquafina Vitamin,78.15.130.159,764.03,2020-05-06
60,60,jcb,3545442934720103,Croissants Thaw And Serve,225.9.149.73,758.13,2020-05-20
61,61,mastercard,5588656221287376,Oil - Peanut,82.171.125.131,991.87,2020-03-05
62,62,jcb,3568302282207156,"Cheese - Woolwich Goat, Log",166.220.35.40,574.45,2020-03-20
63,63,jcb,3538677158101295,Cheese - Cambozola,62.174.108.229,207.21,2019-11-18
64,64,jcb,3559681166700647,Tomatoes - Hot House,55.74.172.104,536.97,2020-04-09
65,65,maestro,6304374258815520,Sage Ground Wiberg,163.229.21.198,671.97,2020-06-12
66,66,jcb,3585886819915579,Sage Derby,44.198.225.31,105.61,2020-08-14
67,67,maestro,67615091112568634,Sobe - Berry Energy,22.115.18.160,329.65,2020-10-30
68,68,laser,6304104250251337,"Pasta - Detalini, White, Fresh",118.148.254.197,736.12,2019-11-23
69,69,jcb,3576552538948835,Bar Bran Honey Nut,161.150.10.186,55.86,2020-04-20
70,70,diners-club-us-ca,5532293099932573,"Oil - Truffle, White",86.143.4.24,474.64,2020-03-16
71,71,diners-club-international,36676613653687,Sobe - Liz Blizz,53.130.144.66,761.77,2020-04-14
72,72,mastercard,5108758645853956,"Veal - Inside Round / Top, Lean",112.214.205.40,397.56,2020-05-26
73,73,bankcard,5602254165150578,"Bread - Rolls, Rye",130.29.214.0,77.69,2020-05-31
74,74,diners-club-enroute,201652559013128,Mustard - Dijon,84.135.236.49,22.14,2020-03-26
75,75,jcb,3534417614336613,Soup - Campbells Beef Stew,1.122.58.63,644.14,2020-07-30
76,76,jcb,3532516339227130,"Soda Water - Club Soda, 355 Ml",225.181.124.53,138.05,2020-09-02
77,77,jcb,3552707875803765,Wine - Alsace Riesling Reserve,149.216.201.134,853.30,2020-04-15
78,78,switch,564182599149921443,Water - Aquafina Vitamin,7.242.2.59,73.15,2020-02-08
79,79,jcb,3582686915470625,"Lamb - Pieces, Diced",28.226.131.218,283.79,2020-11-09
80,80,diners-club-us-ca,5410246240776577,Pail For Lid 1537,206.210.173.240,919.86,2020-03-29
81,81,jcb,3586775696260176,Jello - Assorted,156.116.34.43,329.21,2020-01-07
82,82,visa,4582724392298,Pastrami,146.136.156.77,79.35,2020-03-16
83,83,mastercard,5108755660092247,Syrup - Chocolate,241.110.229.98,115.06,2020-06-18
84,84,visa-electron,4405065148672336,Wine - Riesling Alsace Ac 2001,236.32.248.49,851.29,2020-09-02
85,85,maestro,50387887907099202,"Fish - Scallops, Cold Smoked",119.53.232.96,432.88,2020-09-19
86,86,bankcard,5602221122511739,Cucumber - English,40.24.241.253,640.25,2019-12-10
87,87,switch,490503828926126979,Chocolate - Unsweetened,189.106.161.13,356.63,2020-08-08
88,88,china-unionpay,56022180787989322,"Pasta - Penne Primavera, Single",206.117.47.137,395.94,2020-07-13
89,89,bankcard,5602250025777485,"Beef - Baby, Liver",95.154.220.126,462.92,2020-04-02
90,90,visa-electron,4405894543307846,"Lemonade - Kiwi, 591 Ml",50.138.204.156,301.24,2020-07-23
91,91,jcb,3548372487491983,Nantuket Peach Orange,30.200.100.193,426.79,2020-07-20
92,92,diners-club-carte-blanche,30448764301615,Food Colouring - Red,211.79.181.246,129.61,2020-04-29
93,93,jcb,3559929057249665,Wine - Magnotta - Pinot Gris Sr,106.48.10.213,130.42,2020-09-10
94,94,jcb,3549997390035029,Ecolab - Hobart Upr Prewash Arm,22.10.155.161,608.99,2020-08-11
95,95,switch,6333373353934801,Gingerale - Diet - Schweppes,147.215.51.84,945.06,2020-08-17
96,96,switch,633393367612081337,"Gin - Gilbeys London, Dry",127.65.53.14,60.77,2020-07-21
97,97,bankcard,5602215870637241,Beer - Mill St Organic,147.199.31.233,488.51,2020-02-24
98,98,switch,5641826850749526675,Pork - Inside,232.30.123.5,897.85,2020-06-16
99,99,china-unionpay,5602259021821605633,Wine - Penfolds Koonuga Hill,109.7.94.78,278.65,2019-12-11
100,100,jcb,3537511602503452,Bread - 10 Grain,108.66.72.232,666.92,2020-04-14
101,101,jcb,3556311023232112,Sprouts - China Rose,169.86.131.88,221.12,2020-10-13
102,102,jcb,3542888861069216,Milk - Condensed,95.146.164.203,352.04,2019-12-27
103,103,diners-club-carte-blanche,30378955160134,Chocolate Liqueur - Godet White,163.27.175.208,535.95,2020-08-21
104,104,laser,677139100643670141,Turkey Leg With Drum And Thigh,193.74.66.245,791.25,2020-05-18
105,105,mastercard,5417233491771120,Bread - Italian Roll With Herbs,119.236.39.51,159.03,2020-01-16
106,106,jcb,3530028102173451,Energy Drink,29.66.222.193,81.49,2019-12-23
107,107,mastercard,5311956293324287,Fork - Plastic,213.145.70.130,414.68,2020-05-09
108,108,jcb,3575568818509924,Wine - Gato Negro Cabernet,48.111.14.34,416.43,2020-07-02
109,109,jcb,3553333357164573,"Yogurt - Banana, 175 Gr",94.82.116.137,712.18,2020-03-11
110,110,visa-electron,4405410939076158,Cookie - Oreo 100x2,71.88.141.121,658.63,2020-10-13
111,111,jcb,3534449187997018,Cheese - Gorgonzola,95.113.200.11,727.58,2020-03-04
112,112,instapayment,6382927135623717,Energy Drink - Franks Original,110.54.255.68,145.33,2020-11-10
113,113,jcb,3580916979031167,Sprouts - Pea,97.67.218.137,862.57,2020-07-16
114,114,mastercard,5239920213444087,Wine - Champagne Brut Veuve,9.99.231.0,288.86,2020-03-22
115,115,jcb,3544064898997963,"Soup - Knorr, Chicken Gumbo",236.37.206.41,160.91,2020-03-06
116,116,mastercard,5010120772992080,"Oil - Truffle, White",219.99.21.52,743.91,2020-01-14
117,117,maestro,5020549482493153,Daves Island Stinger,209.180.124.124,234.15,2020-11-06
118,118,jcb,3538175818034857,Pasta - Canelloni,241.109.232.232,225.01,2020-05-16
119,119,switch,4911955476636068331,Muffin Mix - Morning Glory,162.221.246.161,486.17,2020-04-21
120,120,switch,4911370193673149,"Soup - Knorr, French Onion",2.130.118.234,106.53,2020-09-21
121,121,maestro,5893541594768283096,Munchies Honey Sweet Trail Mix,3.5.169.203,350.46,2020-09-01
122,122,jcb,3570878986131343,Cake - French Pear Tart,56.76.115.40,269.26,2020-04-17
123,123,jcb,3549159474328941,Gherkin,98.182.239.129,495.28,2019-12-14
124,124,mastercard,5048378536725529,Turkey Tenderloin Frozen,170.182.240.129,592.03,2020-02-29
125,125,switch,5641829987688690208,Chinese Foods - Pepper Beef,24.148.232.205,818.43,2019-11-22
126,126,visa-electron,4026898495819897,Spinach - Frozen,115.147.211.111,69.99,2019-12-23
127,127,americanexpress,374283376834800,"Bread - Crumbs, Bulk",147.25.127.171,107.66,2020-04-26
128,128,laser,6304285683580085,Spinach - Packaged,90.216.183.98,499.34,2020-07-15
129,129,jcb,3564811706466358,"Oranges - Navel, 72",91.158.29.165,996.50,2020-07-01
130,130,diners-club-carte-blanche,30143738362518,Halibut - Fletches,33.130.176.82,644.56,2020-05-24
131,131,jcb,3539046318666978,Onions - Pearl,211.131.192.123,213.23,2020-01-09
132,132,visa-electron,4917550314006691,Wine - Piper Heidsieck Brut,124.118.252.75,421.84,2020-02-29
133,133,maestro,630483952044144691,Crab - Soft Shell,198.249.128.136,922.94,2020-02-11
134,134,china-unionpay,560222755807264829,Beef Ground Medium,157.69.151.197,984.15,2020-09-19
135,135,visa-electron,4844267858826719,Sherry - Dry,37.54.178.134,529.21,2020-05-19
136,136,mastercard,5010123134590857,Pomello,214.249.157.116,360.11,2020-05-10
137,20,mastercard,5419954334772086,Mangoes,72.115.75.161,243.43,2019-12-07
138,138,bankcard,5610954390984556,"Crab - Dungeness, Whole, live",99.115.10.151,879.85,2020-08-23
139,139,diners-club-carte-blanche,30202993182100,Longos - Burritos,123.22.24.127,707.95,2019-12-20
140,140,americanexpress,374622530524981,Pork Loin Cutlets,219.249.241.14,695.82,2020-07-07
141,141,jcb,3533749428560835,Wonton Wrappers,8.95.216.208,740.92,2020-08-19
142,142,switch,6331104815814147,Soup Campbells Beef With Veg,26.194.154.254,426.51,2020-09-30
143,143,china-unionpay,5610737928754008954,"Crab - Blue, Frozen",152.168.190.60,651.78,2020-08-05
144,144,jcb,3537216438866681,Energy Drink Red Bull,223.242.57.138,673.35,2020-02-26
145,145,americanexpress,340246481845962,Wine - Crozes Hermitage E.,188.90.252.111,80.40,2020-01-10
146,146,jcb,3563874186327814,Snapple Lemon Tea,148.226.59.20,830.71,2020-10-20
147,147,jcb,3549277128436868,"Club Soda - Schweppes, 355 Ml",80.46.137.59,734.39,2020-02-16
148,148,mastercard,5007668747333546,Broom - Push,25.155.143.142,184.13,2020-08-27
149,149,visa,4041598036283,"Nut - Pistachio, Shelled",33.184.219.25,391.83,2020-11-07
150,150,diners-club-carte-blanche,30339709875732,"Turkey - Whole, Fresh",124.10.161.212,714.74,2020-01-13
151,151,jcb,3547064625752571,Corn Syrup,173.0.243.212,56.61,2020-03-23
152,152,maestro,6759272214773686806,Cup - Paper 10oz 92959,178.20.153.133,890.88,2020-02-28
153,153,instapayment,6377943027415572,Pastry - Apple Large,89.166.14.209,641.16,2020-04-16
154,154,china-unionpay,560222290338869284,Spaghetti Squash,191.181.88.45,548.86,2020-10-13
155,155,visa-electron,4026824095675810,Eggs - Extra Large,247.0.247.58,609.00,2020-03-17
156,156,jcb,3559231075131300,Grapefruit - Pink,25.131.210.246,825.18,2019-12-23
157,157,jcb,3531802579217853,Soupfoamcont12oz 112con,35.185.117.130,755.51,2020-08-24
158,158,mastercard,5300932926578832,Icecream - Dibs,163.81.68.244,926.48,2020-07-25
159,159,solo,6767640151334086,Extract - Lemon,53.138.1.220,373.35,2020-11-12
160,160,jcb,3531278825786571,Beef - Ground Medium,234.156.240.161,867.55,2020-11-03
161,161,bankcard,5602256146066666,Dried Cherries,246.250.37.79,602.95,2020-08-30
162,162,americanexpress,340457237422085,Longos - Assorted Sandwich,143.198.202.18,526.65,2020-05-18
163,163,maestro,6304207822350360,Flour - Strong,183.118.111.208,737.31,2020-11-10
164,164,jcb,3552878088350173,Cinnamon Buns Sticky,171.64.236.56,794.57,2020-10-01
165,165,maestro,5893352146349024511,"Pasta - Fettuccine, Dry",141.226.18.25,386.99,2020-09-18
166,166,mastercard,5196024680753954,Steamers White,171.129.230.67,39.41,2020-09-01
167,167,visa,4017955975271,Lumpfish Black,101.64.217.9,749.93,2019-12-24
168,168,china-unionpay,561089564509711016,Port - 74 Brights,19.184.180.149,754.72,2020-04-06
169,169,jcb,3546086516706045,"Rum - Spiced, Captain Morgan",127.100.181.251,319.96,2020-08-27
170,170,jcb,3587311413905254,Garlic,107.178.129.106,241.01,2020-05-26
171,171,jcb,3551951596731233,Wine - Barbera Alba Doc 2001,30.233.248.247,256.08,2020-04-22
172,172,diners-club-enroute,201869854632085,Pear - Halves,159.126.128.97,679.57,2020-06-22
173,173,visa-electron,4917350434331032,Towels - Paper / Kraft,244.103.180.144,247.55,2020-04-15
174,174,diners-club-international,36567432194534,"Octopus - Baby, Cleaned",48.201.151.139,732.18,2020-07-11
175,175,jcb,3547379650258561,Anchovy In Oil,60.119.237.222,655.18,2020-06-16
176,176,americanexpress,342961453559684,Cheese - Bakers Cream Cheese,91.118.17.82,954.00,2020-01-02
177,177,jcb,3586273469188386,Coffee Caramel Biscotti,131.167.218.40,189.20,2020-09-19
178,178,jcb,3539646735491775,Laundry - Bag Cloth,240.68.103.166,123.32,2020-11-09
179,179,china-unionpay,5602248350905513486,Bread - Raisin,27.165.188.219,298.28,2020-04-07
180,180,visa,4041590713718198,Shrimp - 31/40,159.167.141.85,90.32,2020-10-29
181,181,americanexpress,374622013852370,Olives - Kalamata,173.58.21.120,407.27,2020-04-08
182,182,bankcard,5602219305332642,Muffin Hinge 117n,114.102.124.162,679.10,2019-11-28
183,183,jcb,3575835551282377,"Fish - Halibut, Cold Smoked",46.192.94.137,949.52,2019-12-18
184,184,visa,4399465049866,Hand Towel,180.254.233.77,569.20,2020-03-10
185,185,diners-club-carte-blanche,30439170456242,Honey - Comb,45.223.112.142,313.43,2020-01-13
186,186,china-unionpay,5602243552157189,Muffin Hinge - 211n,248.38.1.155,643.97,2020-08-30
187,187,jcb,3550251558200751,Tomato - Tricolor Cherry,144.236.187.204,883.22,2020-06-06
188,188,switch,5641829469145540,Water - Green Tea Refresher,201.105.128.67,262.54,2020-10-11
189,189,jcb,3573729428186873,"Cheese - Havarti, Salsa",59.183.89.109,704.96,2020-03-18
190,190,jcb,3580997377636682,Langers - Cranberry Cocktail,61.178.112.131,890.33,2020-01-15
191,191,instapayment,6371653505654636,Pastry - Lemon Danish - Mini,67.47.6.93,382.76,2020-10-15
192,192,jcb,3538708622623976,"Pasta - Linguini, Dry",106.214.134.209,533.31,2019-12-12
193,193,visa-electron,4026353650936771,Creme De Banane - Marie,116.92.129.141,264.60,2020-10-20
194,194,maestro,676174557829163795,Bread - Pumpernickel,14.98.63.197,273.63,2020-02-07
195,195,jcb,3557365094489422,Cocoa Powder - Natural,19.236.238.172,756.42,2020-08-24
196,196,china-unionpay,560222784772519827,Brandy - Bar,9.210.251.12,119.27,2020-05-22
197,197,bankcard,5602234487171916,Venison - Racks Frenched,44.212.208.175,161.31,2020-09-04
198,198,china-unionpay,56022391260567713,Wine - Gewurztraminer Pierre,181.41.255.30,516.97,2020-08-03
199,199,diners-club-carte-blanche,30323864200118,Cookies - Amaretto,112.147.138.42,733.80,2019-11-15
200,200,mastercard,5100174994898550,Beer - Camerons Cream Ale,133.176.175.206,216.17,2020-10-09
201,201,diners-club-carte-blanche,30586504551260,Cheese - Parmesan Cubes,86.213.144.112,125.51,2019-12-25
202,202,mastercard,5002351635274164,Cake - Box Window 10x10x2.5,66.64.20.76,973.62,2020-01-25
203,203,maestro,67627534478046089,Mustard - Pommery,204.41.151.185,995.53,2020-04-19
204,204,laser,670633919933099117,Lotus Rootlets - Canned,194.32.203.104,570.78,2020-04-16
205,205,jcb,3565110850852631,Syrup - Monin - Granny Smith,19.185.238.37,274.08,2020-06-07
206,206,jcb,3543515398186556,Oil - Sunflower,154.202.118.11,235.65,2020-10-08
207,207,diners-club-enroute,201750002105887,Beets - Pickled,48.94.106.7,685.04,2020-01-17
208,208,maestro,6761627659642835,Cheese - Mix,79.29.134.70,925.06,2019-12-16
209,209,jcb,3580214054362099,Lamb - Shoulder,106.150.160.178,803.44,2020-09-23
210,210,mastercard,5108750952930899,Petit Baguette,132.39.25.189,17.52,2020-10-11
211,211,bankcard,5602218531453206,Tea - Camomele,34.120.45.211,861.34,2020-07-25
212,212,jcb,3573218960909991,Wine - Sauvignon Blanc Oyster,116.44.106.14,201.65,2020-08-21
213,213,jcb,3587885886402006,Nutmeg - Ground,95.66.166.252,760.37,2020-07-17
214,214,diners-club-carte-blanche,30425951581431,Cinnamon - Ground,141.83.162.108,179.83,2020-01-09
215,215,laser,677161278898975703,Tomatoes Tear Drop Yellow,138.79.105.104,603.42,2020-03-09
216,216,jcb,3577607229659502,Muffin - Bran Ind Wrpd,93.20.139.121,101.10,2020-09-18
217,217,visa,4041595501354,Corn - On The Cob,91.196.24.254,674.89,2020-02-08
218,218,visa-electron,4175002132135085,"Beef - Ox Tail, Frozen",177.253.55.110,515.48,2020-09-26
219,219,maestro,06041088633345890,Energy Drink - Franks Original,206.97.10.99,361.89,2019-12-29
220,220,jcb,3564174677244449,Wine - Trimbach Pinot Blanc,192.132.251.154,619.43,2020-08-08
221,221,visa-electron,4175008729458335,Mustard - Pommery,40.94.93.39,853.92,2020-09-06
222,222,switch,6331107210325627,Beer - True North Strong Ale,133.164.159.113,656.14,2020-06-01
223,223,visa-electron,4913102744264393,Extract - Raspberry,142.59.36.214,502.08,2020-02-08
224,224,maestro,6763565480747518874,Wine - Masi Valpolocell,203.193.180.133,784.39,2020-07-01
225,225,maestro,6761180439141399025,Pork Ham Prager,36.128.161.120,778.29,2020-03-14
226,226,diners-club-carte-blanche,30103832125252,"Pasta - Lasagne, Fresh",62.238.81.98,418.63,2020-01-14
227,227,diners-club-carte-blanche,30554980891584,Soup - Campbells Bean Medley,234.63.120.140,577.54,2020-07-15
228,228,jcb,3589570432326929,"Beans - Long, Chinese",70.154.3.232,159.81,2020-10-12
229,229,jcb,3540052192291435,Apple - Granny Smith,204.118.156.249,376.69,2020-10-26
230,11,jcb,3565242486545980,Flour - Bread,188.106.120.31,874.39,2020-06-12
231,11,china-unionpay,5602242480200885069,Chocolate - Milk Coating,230.8.190.160,496.38,2020-05-25
232,232,jcb,3555018507179310,"Flour - Corn, Fine",41.83.252.179,332.98,2020-11-03
233,233,diners-club-enroute,201733404052394,Lemons,10.205.68.156,93.98,2019-12-04
234,234,visa,4041370118416,Pastry - Raisin Muffin - Mini,11.18.39.24,833.63,2020-08-08
235,235,jcb,3568893272476702,Eggplant Oriental,198.122.203.153,709.46,2019-12-09
236,236,diners-club-enroute,201414058100215,Gatorade - Xfactor Berry,189.34.253.241,274.39,2020-11-08
237,237,maestro,06042453253546293,Wine - Stoneliegh Sauvignon,139.213.87.61,811.42,2020-07-15
238,238,jcb,3589231421005384,"Nut - Chestnuts, Whole",142.239.114.131,247.06,2020-04-23
239,239,visa,4017959648949121,Beer - Mill St Organic,160.204.196.23,432.34,2020-02-12
240,240,jcb,3580639992920360,Table Cloth 120 Round White,145.214.246.204,163.75,2020-10-03
241,241,diners-club-carte-blanche,30591753264227,Clams - Canned,81.229.13.234,332.10,2020-08-07
242,242,americanexpress,372301271702203,Cookies Almond Hazelnut,30.120.227.191,389.11,2020-01-08
243,243,americanexpress,374396737311688,"Gingerale - Schweppes, 355 Ml",47.156.75.7,506.99,2019-12-13
244,244,jcb,3575139483148875,Extract - Lemon,173.177.55.127,37.48,2020-09-28
245,245,diners-club-enroute,201683499301372,Cheese - St. Andre,62.191.141.79,108.17,2020-04-10
246,246,jcb,3562166354856828,Absolut Citron,208.206.171.254,759.17,2020-09-01
247,247,instapayment,6384520750764995,Fenngreek Seed,128.111.111.148,876.00,2020-01-25
248,248,mastercard,5100134153922963,Sugar - Individual Portions,191.61.125.119,956.11,2020-08-29
249,249,switch,490309631857166436,Muffin Mix - Carrot,131.50.194.188,149.53,2020-11-09
250,250,maestro,630455174907513987,Glaze - Clear,185.15.41.156,414.80,2020-10-22
251,251,bankcard,5602226993461831,Chicken - Bones,106.249.64.16,369.00,2020-07-25
252,252,jcb,3583845231140549,"Shrimp - 16/20, Peeled Deviened",113.25.245.222,169.66,2020-03-28
253,253,visa-electron,4844393716095717,Lettuce - Spring Mix,5.225.93.207,909.74,2019-12-26
254,254,jcb,3545987218852923,Soup Campbells Beef With Veg,158.210.158.108,699.81,2019-12-03
255,255,bankcard,5610550710449625,Soup - Base Broth Beef,131.68.126.54,94.95,2020-04-23
256,256,visa-electron,4508734011056572,Glycerine,40.35.79.106,316.54,2020-11-05
257,257,jcb,3554575053663246,Bagels Poppyseed,108.150.46.150,389.10,2020-10-07
258,258,jcb,3541482330906199,Garbage Bags - Black,143.72.94.223,570.05,2020-03-18
259,259,diners-club-enroute,201442751177925,Bread Sour Rolls,238.206.150.124,711.77,2019-12-11
260,260,instapayment,6381292223872036,Corn Kernels - Frozen,183.236.226.42,411.10,2020-01-04
261,261,americanexpress,376272058226755,Mussels - Frozen,247.21.132.89,955.88,2020-07-31
262,262,diners-club-enroute,201441262205092,Potatoes - Idaho 100 Count,75.140.143.34,476.00,2020-04-22
263,263,jcb,3584218667868109,"Wine - Magnotta - Red, Baco",199.181.103.106,993.96,2020-01-11
264,264,jcb,3540424794828502,Appetizer - Shrimp Puff,108.128.132.147,950.72,2020-10-16
265,265,jcb,3539114495013941,Rabbit - Whole,255.174.78.225,112.28,2020-11-03
266,266,jcb,3578602351788871,Sauce - Fish 25 Ozf Bottle,118.79.249.178,589.68,2020-05-14
267,267,diners-club-carte-blanche,30462230114684,Lamb - Ground,241.222.247.167,448.61,2020-08-28
268,268,maestro,50201643228000674,Cheese - Cheddar With Claret,119.75.105.24,892.74,2020-05-16
269,269,jcb,3571799699059069,Steel Wool S.o.s,241.81.157.55,708.64,2020-05-16
270,270,maestro,58932612421223861,Mushroom - King Eryingii,182.66.217.37,166.24,2020-09-09
271,271,americanexpress,337941459114855,Pork - Liver,158.60.10.249,808.46,2020-08-11
272,272,jcb,3544800942340373,"Sauce - Soya, Light",173.106.229.197,345.43,2020-06-06
273,273,jcb,3557047415280116,Sprouts - Peppercress,190.5.200.49,29.84,2020-01-06
274,274,diners-club-carte-blanche,30056579942869,"Mushroom - Morels, Dry",254.244.246.121,602.20,2020-02-04
275,275,diners-club-carte-blanche,30442106763962,Pastry - Apple Muffins - Mini,167.218.207.43,35.75,2020-04-25
276,276,jcb,3562851028140648,Chocolate - White,167.28.145.147,135.06,2020-10-08
277,277,mastercard,5442856851143529,"Veal - Tenderloin, Untrimmed",180.67.245.98,84.49,2020-06-12
278,278,diners-club-carte-blanche,30550353823279,Lobster - Live,217.68.187.244,394.13,2020-10-20
279,279,switch,5641822485321047,Carbonated Water - Cherry,53.71.39.191,444.30,2020-09-20
280,280,mastercard,5192117297071689,Beef - Tender Tips,233.196.84.117,445.54,2020-06-26
281,281,maestro,6304666028944211,"Wine - Magnotta, Merlot Sr Vqa",155.171.72.172,109.70,2020-03-29
282,282,mastercard,5508973583908946,Tofu - Firm,78.243.46.37,586.86,2020-04-02
283,283,diners-club-carte-blanche,30194497785480,Pastry - Cherry Danish - Mini,116.200.20.184,915.49,2020-03-29
284,284,diners-club-carte-blanche,30586457949339,Taro Leaves,93.65.255.218,192.38,2020-06-26
285,285,instapayment,6399419315684389,"Potatoes - Purple, Organic",79.215.72.139,85.53,2020-09-26
286,286,switch,4905492568274419222,Seabream Whole Farmed,252.69.83.227,53.19,2020-05-31
287,287,visa-electron,4175007214918001,"Wine - Red, Gamay Noir",224.22.164.134,76.52,2020-07-03
288,288,jcb,3579269273706719,Wine - Piper Heidsieck Brut,177.48.114.186,508.58,2020-06-09
289,289,maestro,6304608939823203000,Chicken - Bones,240.166.89.199,545.60,2020-05-17
290,290,americanexpress,374288045255469,Bread - Ciabatta Buns,19.111.152.237,407.17,2020-03-19
291,291,mastercard,5100176276738719,Milk - 2%,116.52.159.173,33.12,2020-04-05
292,292,jcb,3583867724193348,Flour - Bread,117.127.240.63,424.45,2020-04-08
293,293,mastercard,5100149584058963,The Pop Shoppe - Black Cherry,41.48.224.244,233.16,2020-08-06
294,294,laser,6709491813403617683,Puree - Strawberry,33.253.80.214,876.12,2020-04-26
295,295,diners-club-enroute,201406190806758,Canadian Emmenthal,219.66.146.139,954.20,2020-05-09
296,296,jcb,3540140062387225,Taro Root,186.252.86.14,930.84,2020-02-04
297,297,visa-electron,4913961790883236,"Crab - Dungeness, Whole",121.252.0.98,134.46,2019-12-28
298,298,jcb,3529055169956497,Nantucket Pine Orangebanana,15.114.8.253,81.50,2020-10-23
299,299,visa-electron,4913903783095238,Salmon - Canned,7.186.220.49,981.76,2020-05-26
300,300,jcb,3568637459095110,Sardines,90.176.96.236,155.15,2020-09-05
301,301,mastercard,5307800661907479,Mountain Dew,48.175.154.36,696.49,2020-10-19
302,302,americanexpress,372301737714750,"Soup - Knorr, Classic Can. Chili",162.220.192.124,941.73,2020-03-01
303,303,jcb,3570622844091459,Arrowroot,208.240.103.162,44.22,2020-07-10
304,304,maestro,5038206545701714,Spinach - Spinach Leaf,190.18.168.125,638.54,2020-05-08
305,305,diners-club-enroute,201620412301345,"Lamb - Whole, Frozen",143.218.108.235,371.96,2020-07-18
306,306,mastercard,5010126983533720,"Lid - Translucent, 3.5 And 6 Oz",207.79.54.134,859.12,2020-08-29
307,307,americanexpress,374288680227120,Chivas Regal - 12 Year Old,87.21.45.58,941.19,2020-01-31
308,308,bankcard,5602241877201492,Paper Towel Touchless,78.130.87.49,753.21,2020-06-30
309,309,jcb,3571624622869469,Cookies Oatmeal Raisin,113.101.228.206,387.62,2020-02-18
310,310,diners-club-enroute,201948423684767,Beef - Inside Round,5.105.226.134,231.45,2020-01-18
311,311,diners-club-enroute,201713472025043,"Pasta - Rotini, Dry",98.176.182.101,454.47,2020-07-21
312,312,switch,490549536617752765,Cucumber - Pickling Ontario,125.137.165.150,174.10,2020-11-07
313,313,jcb,3532887259806835,"Lemonade - Mandarin, 591 Ml",228.232.183.28,34.82,2020-10-21
314,314,switch,490539098140863728,Smoked Tongue,39.83.90.32,195.17,2019-12-25
315,315,maestro,675934237993421393,Extract - Almond,99.43.171.62,439.65,2020-03-30
316,316,jcb,3553703133809909,Puff Pastry - Sheets,114.220.182.50,686.41,2020-07-01
317,317,jcb,3568894235750613,Bread - English Muffin,192.218.52.85,528.01,2020-11-05
318,318,visa-electron,4405670428492162,Huck Towels White,55.207.232.46,61.52,2020-10-13
319,319,switch,633110336165828693,Table Cloth 62x114 Colour,90.128.151.134,287.82,2019-12-23
320,320,visa,4017959477350078,"Wine - Red, Colio Cabernet",26.28.247.69,533.92,2020-08-16
321,321,mastercard,5465301496065425,Cookies - Amaretto,222.116.102.106,80.58,2020-03-13
322,322,jcb,3530620037001599,Anchovy Paste - 56 G Tube,157.94.28.64,95.21,2020-11-06
323,323,bankcard,5602230917949343,"Mushrooms - Black, Dried",133.133.106.107,783.16,2020-10-05
324,324,jcb,3574064582384844,Food Colouring - Pink,120.95.89.69,166.70,2020-07-10
325,325,jcb,3558728044072318,Salt And Pepper Mix - Black,168.141.153.162,444.82,2020-06-30
326,326,jcb,3553150811317013,"Nut - Cashews, Whole, Raw",215.19.155.79,515.15,2020-11-05
327,327,jcb,3568289087768286,Steampan - Lid For Half Size,49.32.23.116,694.95,2020-10-05
328,328,mastercard,5002350619972504,"Cod - Salted, Boneless",18.147.68.94,188.97,2020-09-29
329,329,jcb,3532008659467082,Maintenance Removal Charge,249.87.60.179,993.45,2020-08-15
330,330,jcb,3583981802127894,Wasabi Paste,146.11.3.195,559.45,2020-02-19
331,331,jcb,3552290695318108,Sponge Cake Mix - Vanilla,1.207.158.161,807.97,2020-06-04
332,332,laser,67069643237918846,Ecolab Silver Fusion,227.215.191.184,220.94,2020-03-30
333,333,china-unionpay,56022129622017773,Caviar - Salmon,218.160.150.209,850.03,2020-06-24
334,334,jcb,3555885194802622,"Soup - Campbells, Classic Chix",12.129.200.145,106.84,2019-12-27
335,335,americanexpress,337941343734686,Cheese - Swiss,205.2.62.72,865.17,2020-02-20
336,336,diners-club-enroute,201797396020552,Turkey Tenderloin Frozen,68.33.1.84,605.32,2020-04-11
337,337,china-unionpay,56022137748865314,Dates,118.164.75.2,826.60,2020-01-05
338,338,jcb,3558330367400612,Wine - Remy Pannier Rose,68.245.206.211,297.31,2020-04-02
339,339,laser,6304733670896170,Glass Clear 7 Oz Xl,96.234.166.21,400.49,2019-12-28
340,340,bankcard,5602249186112227,"Rice Pilaf, Dry,package",156.149.57.110,321.93,2020-07-15
341,341,diners-club-enroute,201973233632079,Brandy - Bar,194.150.32.250,717.67,2020-07-12
342,342,diners-club-enroute,201934210166788,Vinegar - Red Wine,200.174.196.217,950.50,2020-02-18
343,343,jcb,3547013886114450,Sugar - Cubes,184.218.78.150,905.11,2020-01-27
344,344,bankcard,5610054849246200,Chocolate - Chips Compound,221.167.119.92,722.57,2020-09-25
345,345,switch,6333776323795205092,Chocolate - Unsweetened,107.174.125.14,155.71,2020-05-28
346,346,china-unionpay,56022385844635673,Tahini Paste,167.152.72.240,21.64,2020-07-26
347,347,jcb,3555174214722106,Napkin White - Starched,203.190.98.8,678.65,2020-07-06
348,348,diners-club-us-ca,5451809541344096,Chevril,169.141.115.35,844.62,2020-06-30
349,349,jcb,3528354670595923,Corn - On The Cob,147.152.132.165,968.79,2020-10-02
350,350,jcb,3567842150345431,Cookies - Assorted,215.5.220.37,814.58,2020-08-11
351,351,americanexpress,374622468442586,Wine - Winzer Krems Gruner,34.53.62.134,96.10,2020-09-10
352,352,visa-electron,4917520055525654,Tobasco Sauce,180.63.126.148,344.44,2020-10-13
353,353,jcb,3539569799238173,Tomatoes - Cherry,61.51.35.43,833.26,2020-05-23
354,354,americanexpress,374288942819789,"Bread - Roll, Soft White Round",30.253.12.103,249.89,2020-01-13
355,355,jcb,3540073275360038,Wine - Cousino Macul Antiguas,97.121.144.135,900.04,2020-10-20
356,356,jcb,3538258984521244,Honey - Liquid,218.35.137.72,453.54,2020-06-25
357,357,mastercard,5100179976834762,Milk - Condensed,185.148.207.61,15.92,2020-09-30
358,358,switch,675975155429198346,Lettuce - California Mix,253.122.51.235,921.69,2020-03-25
359,359,jcb,3561255274726608,Five Alive Citrus,253.55.10.192,349.40,2019-12-23
360,360,mastercard,5403424285983296,Milk - 2%,235.136.230.209,358.50,2020-04-10
361,361,americanexpress,372301810929549,Pastry - Baked Cinnamon Stick,135.94.7.177,901.04,2020-08-19
362,362,solo,6767210353860585493,"Red Snapper - Fillet, Skin On",153.221.4.45,369.97,2020-06-14
363,363,jcb,3584193547869199,"Juice - Grapefruit, 341 Ml",69.147.140.246,205.06,2020-08-24
364,364,visa,4151269779881903,Muffin - Zero Transfat,194.144.171.160,217.44,2020-09-03
365,365,jcb,3580737931303720,"Club Soda - Schweppes, 355 Ml",124.203.47.52,75.22,2020-09-05
366,366,mastercard,5100179333133858,Squash - Pepper,124.54.125.105,786.45,2020-07-02
367,367,jcb,3584154844663867,Apple - Fuji,1.39.118.33,430.72,2020-03-14
368,368,mastercard,5502445352695943,Oil - Macadamia,58.228.31.227,810.60,2020-08-12
369,369,jcb,3545692055051817,Pastry - Lemon Danish - Mini,119.195.73.93,235.31,2020-07-23
370,370,jcb,3545318599296177,Island Oasis - Ice Cream Mix,201.14.95.150,189.54,2019-12-19
371,371,jcb,3566201271677738,Wood Chips - Regular,145.5.170.47,620.79,2020-03-17
372,372,jcb,3578311620576246,Sauce - Sesame Thai Dressing,63.125.253.175,372.76,2019-11-26
373,373,bankcard,5602228102651039,Wine - Acient Coast Caberne,116.86.239.73,724.88,2020-03-26
374,374,jcb,3581224478338756,Bandage - Flexible Neon,236.100.251.9,582.82,2020-02-20
375,375,diners-club-carte-blanche,30091220771888,Langers - Mango Nectar,145.124.250.147,694.06,2019-11-30
376,376,jcb,3543634980866036,Schnappes Peppermint - Walker,70.207.138.121,761.42,2019-11-19
377,377,visa-electron,4175000889981024,Scallops - U - 10,161.106.188.89,853.07,2020-05-16
378,378,jcb,3559387482343134,"Water - Mineral, Carbonated",91.99.42.85,135.40,2020-04-22
379,379,jcb,3576503031518005,Mortadella,69.198.132.227,320.64,2020-03-22
380,380,jcb,3581024093291244,Plastic Wrap,204.122.237.175,263.85,2020-06-26
381,381,switch,633110980215102318,Pork - Hock And Feet Attached,48.239.189.250,606.47,2020-09-11
382,382,mastercard,5100176939739344,Puree - Guava,126.6.78.179,565.76,2020-06-07
383,383,jcb,3569805104779680,"Tea - Darjeeling, Azzura",180.78.220.110,324.17,2020-01-19
384,384,jcb,3584703424892856,Garbage Bag - Clear,112.51.19.71,253.64,2020-01-14
385,385,jcb,3582016667769455,"Rum - Light, Captain Morgan",176.74.69.240,546.47,2020-08-18
386,386,jcb,3530568682526396,"Coffee - Beans, Whole",73.214.157.113,846.61,2020-01-16
387,387,mastercard,5129045251730776,Trout Rainbow Whole,197.81.195.145,870.98,2020-11-03
388,388,americanexpress,374288312630238,Sunflower Seed Raw,229.172.32.39,461.04,2020-06-22
389,389,maestro,5893107322371594345,Wakami Seaweed,29.127.42.156,451.94,2020-08-04
390,390,jcb,3551578168118760,Pork Loin Bine - In Frenched,202.121.65.120,257.45,2019-12-11
391,391,americanexpress,375435780085069,Creme De Menth - White,96.114.106.39,604.92,2020-08-03
392,392,solo,633447555233082074,Flour - Teff,138.103.239.167,890.86,2019-12-30
393,393,jcb,3538090548844691,Gatorade - Xfactor Berry,205.63.190.14,437.36,2020-09-14
394,394,instapayment,6371571675043564,Cassis,202.112.50.227,99.51,2020-03-20
395,395,jcb,3585545540185585,Pork - Shoulder,219.12.88.6,496.47,2019-12-01
396,396,jcb,3529860383018374,"Arctic Char - Fresh, Whole",139.58.91.245,672.09,2019-12-12
397,397,mastercard,5100140781845625,Chocolate Bar - Oh Henry,37.21.75.105,434.55,2020-09-01
398,398,laser,6709208228093549050,Lettuce - Romaine,87.254.131.89,606.64,2020-06-14
399,399,solo,6334630537730256266,Clams - Canned,185.188.71.111,301.25,2019-11-26
400,400,diners-club-carte-blanche,30375712123363,Wine - Malbec Trapiche Reserve,201.1.151.93,436.81,2020-04-03
401,401,solo,6334762071612567,V8 Pet,182.170.181.201,434.13,2020-01-28
402,402,jcb,3570460655133262,Honey - Comb,1.73.58.72,365.53,2019-12-07
403,403,laser,6771918832280333920,Hipnotiq Liquor,218.48.200.245,668.64,2020-04-30
404,404,mastercard,5100136535007686,Juice - Happy Planet,36.118.197.98,535.53,2020-03-04
405,405,diners-club-enroute,201519893032074,Bread - Ciabatta Buns,119.72.158.37,632.80,2020-06-30
406,406,jcb,3586378156756914,Capon - Whole,202.204.5.223,360.17,2020-02-15
407,407,diners-club-carte-blanche,30301549097810,Milk - Homo,198.179.140.83,516.81,2019-12-14
408,408,jcb,3547068387758023,Dc Hikiage Hira Huba,245.1.213.28,730.42,2020-03-28
409,409,maestro,6759823481631534,Loquat,221.73.32.106,986.88,2020-08-30
410,410,bankcard,5602213183779180,Wine - Baron De Rothschild,162.28.221.232,648.72,2020-07-11
411,411,diners-club-carte-blanche,30336468044237,Lychee - Canned,12.107.130.32,189.28,2020-07-03
412,412,diners-club-enroute,201663744561178,Foil - 4oz Custard Cup,47.134.190.5,356.83,2020-03-08
413,413,jcb,3575112922990256,Sour Puss Raspberry,131.224.49.184,820.70,2020-10-23
414,414,instapayment,6396683141416364,Truffle Cups - Brown,64.27.248.117,822.34,2020-05-05
415,415,maestro,67623096404470688,Soup Campbells - Tomato Bisque,245.203.137.179,596.93,2020-04-29
416,416,jcb,3559971781089272,Slt - Individual Portions,116.89.148.71,65.98,2019-12-09
417,417,jcb,3572247635011611,"Club Soda - Schweppes, 355 Ml",202.206.241.128,765.32,2020-01-24
418,418,visa,4849581009411881,Coffee - Flavoured,195.11.7.81,250.00,2020-11-12
419,419,diners-club-carte-blanche,30492031964631,Flower - Commercial Bronze,8.255.46.105,536.17,2019-11-16
420,420,jcb,3571769564243627,Wine - Pinot Noir Pond Haddock,187.196.239.22,26.41,2020-02-04
421,421,jcb,3548195495310881,Cod - Fillets,245.183.121.26,536.22,2020-04-22
422,422,jcb,3530448679043822,Flour - Strong Pizza,193.31.213.27,645.86,2020-01-30
423,423,americanexpress,372301135677443,Beef - Top Sirloin - Aaa,138.199.97.103,707.21,2019-12-24
424,424,diners-club-enroute,201904562021295,Veal - Ground,164.145.127.17,802.50,2020-01-16
425,425,jcb,3537932364248237,"Napkin - Cocktail,beige 2 - Ply",97.37.82.99,417.77,2020-08-08
426,426,visa-electron,4913974026219174,Chutney Sauce - Mango,210.139.26.46,331.95,2020-10-06
427,427,americanexpress,337941237276455,Potatoes - Pei 10 Oz,190.91.133.78,669.69,2020-01-04
428,428,visa-electron,4917691519450449,Pepper - Gypsy Pepper,191.245.125.248,865.30,2020-06-26
429,429,jcb,3557548717263783,Rice Wine - Aji Mirin,62.7.247.119,760.39,2020-10-23
430,100,laser,6706606999936220034,Lettuce - Sea / Sea Asparagus,74.48.130.25,614.60,2020-04-29
431,431,mastercard,5394164683574658,Pears - Bartlett,28.213.249.176,891.54,2020-03-26
432,432,jcb,3533933141675969,"Basil - Primerba, Paste",236.86.146.186,464.92,2020-10-12
433,433,mastercard,5100139651271698,Tomatoes - Orange,199.4.215.104,700.30,2020-06-10
434,434,jcb,3576153952183718,Coffee Caramel Biscotti,211.128.79.249,431.31,2020-05-30
435,435,diners-club-enroute,201741849491549,"Chilli Paste, Hot Sambal Oelek",45.221.236.46,400.19,2020-05-06
436,436,instapayment,6371584639122911,Bagel - 12 Grain Preslice,7.203.224.125,269.24,2020-08-03
437,437,jcb,3543987614151070,Beer - Original Organic Lager,88.56.52.70,371.20,2020-04-12
438,100,solo,633441267265174193,Cabbage Roll,188.40.4.174,137.85,2020-01-18
439,439,switch,4903749157015969,Rice - 7 Grain Blend,23.131.215.195,31.91,2020-01-02
440,440,jcb,3574584010138900,Bread Foccacia Whole,91.6.48.159,773.06,2019-11-25
441,441,visa,4041378353908,Tea - Herbal Orange Spice,67.141.225.126,710.37,2020-06-20
442,442,switch,633316729164946221,"Pepper - Paprika, Hungarian",14.107.42.225,341.79,2020-07-11
443,443,visa-electron,4913817620414040,Bagel - Everything,225.33.90.81,200.54,2020-05-25
444,444,jcb,3560884901459944,Slt - Individual Portions,215.18.203.194,210.28,2019-11-21
445,445,jcb,3553401725072099,Lychee - Canned,41.125.47.215,698.67,2020-03-22
446,446,jcb,3585542469257875,Juice - V8 Splash,134.137.91.132,52.77,2020-05-10
447,447,diners-club-enroute,201533839053755,"Lamb - Pieces, Diced",217.113.112.121,160.04,2020-10-26
448,448,jcb,3587664396200246,Chocolate - Milk,183.16.150.248,740.11,2020-06-04
449,11,laser,6304474884440506040,"Lobster - Tail, 3 - 4 Oz",26.37.147.135,716.33,2020-07-06
450,450,jcb,3571312677275903,"Wine - Bourgogne 2002, La",170.12.95.182,457.52,2020-11-01
451,451,diners-club-international,36144467276048,"Nut - Hazelnut, Ground, Natural",160.23.12.128,843.70,2019-12-21
452,452,jcb,3573365572586137,Yoplait Drink,3.158.29.6,932.20,2020-01-07
453,453,jcb,3538258705743457,Truffle - Whole Black Peeled,217.220.177.218,760.23,2020-03-07
454,454,jcb,3547143057784979,Foil - 4oz Custard Cup,188.153.74.68,881.47,2020-11-06
455,455,jcb,3585664857981781,Tea - Lemon Scented,160.1.11.23,425.04,2020-11-12
456,456,maestro,6761350150926379520,Appetizer - Veg Assortment,144.33.230.141,227.21,2020-03-02
457,457,instapayment,6384372529872562,Beef - Kobe Striploin,101.177.138.174,791.04,2020-11-08
458,458,maestro,6304695680920680,Cheese - Comtomme,240.152.14.183,190.54,2020-06-22
459,459,diners-club-enroute,201595400548802,Radish,198.233.57.213,632.35,2020-09-09
460,460,diners-club-international,36312938197172,Mace,154.184.212.238,875.23,2020-10-02
461,461,jcb,3585173008870653,"Wine - Red, Gallo, Merlot",3.3.114.193,436.50,2020-02-14
462,462,maestro,5020560046552962,"Juice - Grape, White",240.169.63.253,304.33,2020-06-10
463,463,jcb,3572244080738145,"Pail - 4l White, With Handle",56.116.173.17,314.55,2020-10-22
464,464,jcb,3550010752908803,"Tart Shells - Savory, 3",223.141.212.139,329.87,2020-08-02
465,465,jcb,3550177138474311,Wine - Jaboulet Cotes Du Rhone,189.171.48.226,558.96,2019-11-21
466,466,jcb,3563460175528792,"Shrimp - 16/20, Iqf, Shell On",43.210.36.84,915.78,2020-08-31
467,467,jcb,3577420120594657,Coffee - Almond Amaretto,238.24.95.32,715.26,2020-02-07
468,468,mastercard,5569339360778215,Wine - Savigny - Les - Beaune,171.199.140.180,419.27,2020-02-29
469,469,jcb,3579968957380812,Beans - French,129.180.83.162,633.16,2020-03-29
470,470,jcb,3546548060869776,"Rum - Dark, Bacardi, Black",187.48.15.60,501.03,2020-01-09
471,471,laser,6706596870960743880,"Wine - Cahors Ac 2000, Clos",131.212.172.10,360.32,2020-08-09
472,472,americanexpress,372301832878005,Oranges,13.187.70.49,496.56,2020-09-09
473,473,jcb,3532179532322388,"Lobster - Baby, Boiled",134.132.156.180,517.78,2020-08-24
474,474,solo,6334683474229579659,Glass - Juice Clear 5oz 55005,174.59.59.142,945.65,2020-02-07
475,475,jcb,3587754562422714,Beer - Upper Canada Lager,51.139.221.68,213.81,2020-06-17
476,476,laser,677166487079396341,Ice Cream Bar - Oreo Cone,71.67.30.32,417.28,2020-08-11
477,477,switch,6331105215056022537,Huck Towels White,94.0.83.61,633.84,2020-10-03
478,478,jcb,3575081057086935,Rabbit - Frozen,95.113.114.182,153.02,2020-05-17
479,479,jcb,3560207428048497,"Rum - White, Gg White",188.224.75.205,426.84,2020-08-26
480,480,jcb,3582490533492842,Wine - Carmenere Casillero Del,207.210.162.135,803.33,2020-01-05
481,481,jcb,3537384297502787,Tomatoes,189.224.253.177,909.16,2020-10-22
482,482,mastercard,5137745480977524,Blueberries - Frozen,250.94.88.107,675.06,2020-05-24
483,483,americanexpress,337941433257689,Potatoes - Idaho 100 Count,238.61.167.78,867.29,2020-08-09
484,484,diners-club-carte-blanche,30386951979738,Muffin Chocolate Individual Wrap,172.76.7.116,925.62,2020-05-10
485,485,diners-club-us-ca,5469005358261537,Potatoes - Peeled,181.97.95.162,643.42,2020-02-01
486,486,mastercard,5100149631320705,Hold Up Tool Storage Rack,194.232.195.151,591.82,2020-10-09
487,487,jcb,3536638954095323,"Beef - Tongue, Fresh",216.112.224.41,614.03,2019-12-19
488,488,diners-club-international,36756766393859,Bread Foccacia Whole,132.186.116.144,271.19,2020-05-24
489,489,jcb,3554792196020438,Coffee - Espresso,139.238.49.188,219.58,2020-08-02
490,490,jcb,3567544315987186,Sauce - Marinara,135.215.51.51,368.75,2020-03-14
491,491,mastercard,5002354434482152,Beer - Fruli,226.205.11.205,474.38,2020-04-24
492,492,jcb,3560288410860024,"Cheese - Manchego, Spanish",176.68.21.177,887.21,2020-11-11
493,493,jcb,3540287153506898,Nori Sea Weed - Gold Label,240.3.156.246,348.98,2019-12-09
494,494,china-unionpay,56022114867396017,Wine - Shiraz Wolf Blass Premium,65.135.231.125,103.15,2020-02-07
495,495,diners-club-us-ca,5587558417635338,Vinegar - Tarragon,92.42.0.241,851.34,2020-08-10
496,496,bankcard,5602251133762088,"Ranchero - Primerba, Paste",87.162.5.115,257.19,2020-04-14
497,497,maestro,6759919681429286141,"Trout - Rainbow, Fresh",93.207.58.64,465.62,2020-07-09
498,498,jcb,3578873824114611,Hold Up Tool Storage Rack,185.185.7.149,234.71,2020-02-17
499,499,maestro,50209036809970674,Bread - Sour Sticks With Onion,211.148.36.220,896.03,2020-07-03
500,500,jcb,3539590615095613,Pie Shell - 5,106.89.66.234,287.96,2019-11-30
501,501,visa,4763229961529538,Carbonated Water - Cherry,109.93.10.68,912.56,2020-08-03
502,502,jcb,3584557885256393,"Wine - Mas Chicet Rose, Vintage",74.82.7.141,604.91,2019-12-01
503,503,mastercard,5108750035987395,Urban Zen Drinks,66.175.140.90,397.14,2020-05-30
504,504,jcb,3564538919837709,Veal - Inside,121.199.75.251,803.35,2020-03-31
505,505,jcb,3552781888774453,Cake - Cake Sheet Macaroon,169.92.39.96,940.51,2020-10-09
506,506,jcb,3559231133141671,"Tomatoes - Plum, Canned",164.29.28.127,328.98,2020-06-04
507,507,jcb,3538061676353904,"Soup - Campbells, Lentil",60.16.76.87,394.46,2020-03-11
508,508,laser,670675207021625897,Chicken - White Meat With Tender,247.169.5.255,429.58,2020-10-19
509,509,maestro,502010744434212003,Tea - Decaf 1 Cup,202.171.152.86,131.79,2020-02-28
510,510,visa-electron,4917292125726999,Mushroom - White Button,14.120.81.75,973.02,2020-09-25
511,511,visa-electron,4175004842156823,Lettuce - Curly Endive,80.117.143.203,54.96,2020-02-17
512,512,switch,6331101594727744032,"Bag - Bread, White, Plain",196.218.126.9,401.68,2020-01-20
513,513,visa,4017953124071930,Veal - Heart,106.117.114.200,229.74,2020-06-30
514,514,jcb,3576518934525485,Dooleys Toffee,17.162.199.250,179.89,2020-06-23
515,515,americanexpress,337941117078260,"Wine - White, Pelee Island",65.53.64.132,422.83,2020-01-10
516,516,jcb,3583874481186176,Table Cloth 53x53 White,170.48.35.213,990.50,2020-06-14
517,517,maestro,5038971314304428688,Gelatine Leaves - Bulk,145.117.195.105,448.22,2020-07-16
518,518,americanexpress,343543121611730,"Shrimp - 16 - 20 Cooked, Peeled",197.199.45.176,958.08,2020-05-18
519,519,switch,6759525954945071024,Cheese - Gorgonzola,119.30.78.109,480.20,2019-12-07
520,520,jcb,3529115160955078,Ice Cream Bar - Hagen Daz,66.144.26.206,661.84,2020-06-01
521,521,diners-club-carte-blanche,30478166170482,Salmon - Fillets,217.156.107.217,922.31,2020-05-16
522,522,americanexpress,372035316519806,Melon - Cantaloupe,223.14.97.28,661.48,2020-06-30
523,523,jcb,3573062657258555,Carbonated Water - Cherry,179.4.182.143,827.30,2020-10-07
524,524,diners-club-carte-blanche,30135867800656,"Tray - Foam, Square 4 - S",176.244.227.56,633.93,2020-09-09
525,525,instapayment,6378076975683468,Cattail Hearts,128.158.203.219,224.86,2019-12-02
526,526,mastercard,5010125381303405,Sauce - Fish 25 Ozf Bottle,110.200.252.204,433.45,2019-12-03
527,527,jcb,3579575829906086,Scallops - In Shell,247.150.87.47,570.58,2020-03-05
528,528,china-unionpay,5602257215110948,Hog / Sausage Casing - Pork,211.43.210.39,49.72,2019-11-20
529,529,china-unionpay,5602228487291203,"Lemonade - Strawberry, 591 Ml",226.234.8.194,346.77,2019-11-24
530,530,jcb,3537166647845150,Bouillion - Fish,154.74.62.202,418.78,2020-01-23
531,531,jcb,3586469282733016,"Chicken - Diced, Cooked",50.74.211.11,356.76,2020-03-02
532,532,jcb,3554922537419847,Table Cloth 54x54 Colour,125.84.246.46,515.79,2020-08-04
533,533,bankcard,5602254860101439,Petite Baguette,179.58.218.210,768.59,2020-02-07
534,534,jcb,3528533355167245,"Wine - White, Pinot Grigio",161.47.189.102,798.92,2020-02-23
535,535,jcb,3581503781418821,"Beef - Chuck, Boneless",238.162.40.17,375.42,2020-10-30
536,536,jcb,3529435971434224,Hipnotiq Liquor,63.179.118.106,712.77,2019-12-29
537,537,switch,4903927508925579032,Tomatillo,179.189.114.10,393.73,2020-08-08
538,538,visa-electron,4508103103891249,Buttons,248.174.182.195,940.51,2020-07-06
539,539,mastercard,5048375233468809,Muffin - Zero Transfat,254.11.16.223,811.26,2020-06-11
540,540,laser,6709781901608330647,Turnip - Mini,160.101.99.92,508.31,2020-04-08
541,541,jcb,3584661318752299,Apple - Macintosh,59.172.2.196,651.57,2020-02-02
542,542,switch,6331100203218677,Plastic Arrow Stir Stick,68.75.188.33,71.27,2019-12-16
543,543,switch,4905387223752063633,Temperature Recording Station,111.67.100.123,221.58,2020-11-08
544,544,china-unionpay,5602225862407417112,Sausage - Andouille,180.98.21.197,538.70,2020-08-04
545,545,jcb,3557026441492895,Yeast Dry - Fermipan,73.55.247.54,374.97,2020-09-07
546,546,mastercard,5595708025616101,"Beets - Candy Cane, Organic",146.56.10.156,488.91,2020-07-22
547,547,diners-club-enroute,201736598557680,Pastry - Raisin Muffin - Mini,167.17.46.200,200.02,2020-02-18
548,548,americanexpress,372301236222578,Fenngreek Seed,151.82.121.3,224.42,2020-03-16
549,549,americanexpress,374288520028019,Glass Clear 8 Oz,184.53.246.138,605.23,2020-03-11
550,550,jcb,3535472034593946,Crackers - Water,16.59.122.199,316.13,2020-04-21
551,551,mastercard,5516057739216295,"Basil - Dry, Rubbed",71.246.64.119,268.12,2020-11-03
552,552,jcb,3535498730863374,Oneshot Automatic Soap System,231.29.218.84,983.83,2020-07-17
553,553,maestro,5893642425353044247,"Juice - Orange, 341 Ml",218.249.196.46,98.65,2020-09-25
554,554,jcb,3558885207475934,Pate Pans Yellow,157.177.28.66,821.48,2020-01-01
555,555,switch,493642248617134628,Wild Boar - Tenderloin,219.171.53.117,681.43,2020-04-10
556,556,jcb,3573591876150904,Salmon Atl.whole 8 - 10 Lb,220.15.80.197,962.76,2019-12-21
557,557,jcb,3562419587621562,"Sauce - Bernaise, Mix",123.231.45.134,921.95,2020-02-14
558,558,mastercard,5431299585709476,Pears - Anjou,107.12.103.240,383.70,2020-06-28
559,559,visa-electron,4175004868490932,Wine - Stoneliegh Sauvignon,231.120.161.101,628.06,2020-05-07
560,560,jcb,3549686032231795,"Shrimp - 16/20, Peeled Deviened",228.34.54.39,260.67,2020-08-24
561,561,jcb,3584084397120405,Beer - Pilsner Urquell,195.97.29.112,593.36,2020-03-24
562,562,visa-electron,4175007845037866,Mayonnaise - Individual Pkg,24.19.115.91,474.13,2020-05-06
563,563,maestro,6759940403847134198,"Artichoke - Hearts, Canned",109.105.12.2,825.61,2019-12-31
564,564,laser,670938455629399638,Teriyaki Sauce,201.39.168.198,325.41,2020-04-22
565,565,jcb,3556082548895200,Plasticforkblack,157.131.39.73,421.84,2020-06-13
566,566,maestro,5038119139566783,Jolt Cola,105.47.215.47,582.20,2020-07-14
567,567,visa,4041376221412,"Juice - Tomato, 48 Oz",72.180.187.2,21.83,2020-03-26
568,568,switch,4936149048238594115,Soup Campbells,219.193.31.38,671.33,2020-11-04
569,569,jcb,3548737825038227,Coriander - Ground,181.50.102.26,482.44,2019-12-08
570,570,bankcard,5602239604307640,Veal - Sweetbread,207.212.31.253,185.85,2020-11-10
571,571,diners-club-carte-blanche,30015886262858,"Tart Shells - Savory, 3",242.99.174.208,954.22,2020-01-14
572,572,jcb,3559461514507626,Wine - Wyndham Estate Bin 777,193.24.252.189,761.29,2019-12-29
573,573,instapayment,6390633908274536,Spice - Paprika,127.189.10.152,805.01,2020-01-09
574,574,jcb,3534460435918086,Coffee - Dark Roast,235.214.57.63,777.30,2020-01-15
575,575,diners-club-carte-blanche,30164270691866,"Pork - Butt, Boneless",89.1.237.173,789.18,2020-07-27
576,576,jcb,3553709078443489,Soup - Boston Clam Chowder,134.198.45.62,507.31,2019-12-27
577,577,jcb,3581923522595663,Tea - Decaf Lipton,173.215.175.217,388.53,2020-02-24
578,578,jcb,3588546882519040,Stock - Fish,10.88.243.162,340.32,2020-06-22
579,579,china-unionpay,560225843201664963,"Lamb - Whole, Fresh",102.164.165.92,306.10,2020-01-21
580,580,jcb,3542821937143228,"Oil - Food, Lacquer Spray",82.254.9.129,187.84,2020-06-03
581,581,china-unionpay,56022434771594949,Beef - Eye Of Round,91.39.177.235,951.92,2020-04-20
582,582,jcb,3529495267399556,"Chestnuts - Whole,canned",22.34.216.191,211.01,2020-02-28
583,583,jcb,3583344397364937,Venison - Ground,66.18.90.207,648.03,2020-02-21
584,584,mastercard,5048375587837963,Mints - Striped Red,35.208.169.176,551.46,2019-11-15
585,585,china-unionpay,5610025393254006,Coffee - Hazelnut Cream,59.203.249.123,548.61,2020-02-14
586,586,mastercard,5100148675893171,Chervil - Fresh,155.206.63.49,375.71,2020-02-19
587,587,visa-electron,4405611433390553,Beef Dry Aged Tenderloin Aaa,121.158.1.213,901.79,2019-12-24
588,588,mastercard,5007669261924421,"Nestea - Ice Tea, Diet",153.60.181.237,31.57,2020-05-04
589,589,jcb,3535607587384371,Miso - Soy Bean Paste,229.15.207.237,102.56,2020-11-04
590,590,maestro,5893988207109211,"Tart Shells - Savory, 4",242.63.84.152,881.54,2020-03-29
591,591,mastercard,5108758895731001,"Onions - Dried, Chopped",240.47.28.161,346.35,2019-11-30
592,592,jcb,3550158238321362,Cumin - Whole,178.73.10.92,212.86,2020-09-15
593,593,switch,6759637413340794,Beer - Rickards Red,231.43.173.58,336.36,2020-06-03
594,594,china-unionpay,560225531688034798,Tea - Herbal Sweet Dreams,211.58.191.38,662.50,2020-11-05
595,595,americanexpress,371756196658254,"Doilies - 8, Paper",242.253.229.138,978.69,2020-04-05
596,596,jcb,3584228179771089,"Sugar - Brown, Individual",222.28.65.199,645.49,2020-03-02
597,597,jcb,3564772718862614,Bandage - Finger Cots,43.119.42.158,934.44,2020-05-11
598,598,china-unionpay,560224343749690795,"Crab - Claws, 26 - 30",64.24.253.45,394.90,2019-12-28
599,599,diners-club-carte-blanche,30169320787820,Lidsoupcont Rp12dn,213.73.215.249,815.49,2020-02-19
600,600,maestro,50387241477890337,Mustard Prepared,24.168.176.148,209.53,2020-06-25
601,601,jcb,3570345356524614,Soup - Campbellschix Stew,15.82.129.67,164.71,2020-02-07
602,602,diners-club-enroute,201575424136792,"Veal - Inside, Choice",64.241.114.222,280.82,2020-01-14
603,603,jcb,3542893583536997,"Red Snapper - Fillet, Skin On",151.1.214.181,443.12,2019-11-15
604,604,mastercard,5010128694912334,Oven Mitts - 15 Inch,104.210.242.76,486.07,2019-11-18
605,605,diners-club-enroute,201680386893057,Table Cloth 62x114 White,159.77.195.104,667.62,2020-01-16
606,606,jcb,3582484456407648,Cup - 4oz Translucent,20.147.228.101,957.25,2020-08-12
607,607,switch,490531861497141362,Juice - Orange,223.173.175.170,133.99,2020-04-06
608,608,jcb,3573117622998634,Scampi Tail,78.51.221.48,82.43,2020-05-14
609,609,jcb,3532489817859073,Swordfish Loin Portions,104.197.71.28,595.27,2020-09-05
610,610,bankcard,5602241670743971,Chambord Royal,20.126.16.228,438.43,2020-07-01
611,611,maestro,50186988876723294,Kahlua,4.28.191.58,846.45,2020-02-05
612,612,bankcard,5602244915642735,"Juice - Cranberry, 341 Ml",31.53.138.232,704.00,2020-01-22
613,613,switch,6331109397836793227,"Oil - Truffle, Black",73.245.66.191,88.43,2020-03-08
614,614,jcb,3565698615423797,Ezy Change Mophandle,45.91.192.14,178.57,2020-10-27
615,615,laser,677179538726109704,"Shrimp - Baby, Warm Water",48.216.183.50,410.72,2020-02-17
616,616,jcb,3539666577724976,Wine - Merlot Vina Carmen,41.14.69.179,266.76,2020-06-01
617,617,jcb,3583833209379570,Onions - Red Pearl,23.254.86.131,683.53,2020-05-24
618,618,jcb,3574684868323651,Muffin Batt - Choc Chk,225.96.89.138,310.36,2019-11-28
619,619,diners-club-carte-blanche,30494999174708,Passion Fruit,135.234.51.113,631.74,2020-01-20
620,620,mastercard,5002356728979827,Mace Ground,112.43.167.212,837.82,2020-05-09
621,621,diners-club-enroute,201887339682558,Versatainer Nc - 8288,243.19.209.227,662.81,2020-08-03
622,622,jcb,3576564928131492,Cranberries - Dry,225.76.91.138,94.41,2020-07-23
623,623,visa-electron,4844919497234909,Muffin Mix - Corn Harvest,230.224.124.152,683.39,2019-12-13
624,624,jcb,3556685937130003,Apricots - Dried,33.214.39.178,467.89,2020-10-05
625,625,mastercard,5002356935220205,Crab Brie In Phyllo,244.3.151.166,357.94,2019-12-07
626,626,jcb,3547042449046685,Paste - Black Olive,162.161.21.63,922.28,2020-01-15
627,627,jcb,3584441642974475,Wine - Zinfandel California 2002,45.227.73.106,556.42,2020-05-09
628,628,bankcard,5602219576236423,Milk 2% 500 Ml,89.104.41.180,426.21,2020-02-28
629,629,jcb,3545864062922146,Beans - Yellow,41.132.30.239,441.76,2020-05-15
630,630,laser,6304792831639390,Maple Syrup,76.50.134.17,594.14,2020-01-25
631,631,jcb,3571318030108301,Table Cloth 62x114 Colour,13.146.79.102,876.53,2020-01-09
632,632,jcb,3559509629963454,Shrimp - Black Tiger 13/15,118.178.76.126,605.05,2020-04-20
633,633,instapayment,6385273550751551,"Appetizer - Mini Egg Roll, Shrimp",123.127.123.140,102.71,2019-12-24
634,634,jcb,3571065506203401,Beer - Camerons Auburn,194.175.246.40,183.91,2020-02-10
635,635,jcb,3530081803614752,"Beef - Rouladin, Sliced",210.128.3.219,500.17,2020-02-07
636,636,jcb,3528835731849382,Curry Powder Madras,245.145.213.32,849.32,2020-08-22
637,637,instapayment,6371651492073356,"Crab - Claws, 26 - 30",47.87.218.93,526.18,2020-02-21
638,638,jcb,3538839030164814,Bread - Flat Bread,66.107.7.101,227.21,2020-06-17
639,639,maestro,060499396634794956,Wine - Casablanca Valley,138.48.175.146,597.20,2020-08-26
640,640,china-unionpay,5602234999230069,"Garlic - Primerba, Paste",4.134.21.138,775.13,2020-01-19
641,641,visa-electron,4405623810734626,Chips - Miss Vickies,122.91.172.155,839.98,2020-01-10
642,642,switch,4936520920781621256,Salmon - Canned,66.209.42.235,994.62,2019-11-14
643,643,jcb,3572899116965457,"Oregano - Dry, Rubbed",64.237.248.250,701.35,2020-05-10
644,644,jcb,3538521394947790,"Pork - Loin, Center Cut",212.226.37.76,93.35,2020-01-02
645,645,diners-club-enroute,201513043725869,Bread Cranberry Foccacia,34.246.190.231,40.21,2020-06-02
646,646,jcb,3588097050334622,"Turkey - Breast, Double",156.36.243.2,452.19,2020-03-12
647,647,mastercard,5002350660328580,Oysters - Smoked,252.129.222.232,903.95,2020-03-24
648,648,jcb,3548727895433721,Cheese - Cottage Cheese,210.70.157.216,531.10,2020-04-11
649,649,mastercard,5100147146430506,Cake - Pancake,43.184.224.17,467.89,2020-04-17
650,650,jcb,3586004035031622,Rosemary - Fresh,15.57.185.124,930.02,2020-08-26
651,651,visa-electron,4026502192905344,"Coke - Classic, 355 Ml",42.192.56.161,114.80,2020-03-16
652,652,laser,670680315486638975,Baking Soda,121.99.162.36,367.81,2020-03-21
653,653,jcb,3580056570700595,Anchovy In Oil,13.102.133.74,383.10,2020-06-23
654,654,jcb,3565965291007784,"Veal - Inside, Choice",46.69.144.210,678.45,2020-10-30
655,655,diners-club-carte-blanche,30058268238443,"Turkey - Breast, Bone - In",172.6.4.30,854.26,2020-09-20
656,656,jcb,3543416355913225,Lettuce - Green Leaf,198.190.122.217,256.58,2020-05-07
657,657,diners-club-carte-blanche,30558096772554,Salami - Genova,44.91.158.23,504.17,2019-11-30
658,658,diners-club-carte-blanche,30258458994959,"Gin - Gilbeys London, Dry",44.232.242.16,903.71,2020-11-09
659,659,jcb,3578770009148861,Vinegar - Raspberry,104.246.199.175,985.57,2020-06-14
660,660,jcb,3542349331812552,Squash - Pepper,42.198.230.78,596.66,2020-05-10
661,661,diners-club-enroute,201826530771729,Barramundi,46.127.42.228,181.27,2020-02-18
662,662,jcb,3538646107693249,"Veal - Chops, Split, Frenched",4.135.16.133,187.73,2020-04-26
663,663,switch,675946855800962899,Oats Large Flake,180.16.175.197,552.37,2020-08-10
664,664,diners-club-carte-blanche,30304181122136,"Jam - Raspberry,jar",103.222.168.66,230.68,2020-08-03
665,665,maestro,5893716730058047,"Wine - Red, Metus Rose",67.142.195.96,127.95,2020-07-11
666,666,maestro,50380875971593769,Wine - Niagara Peninsula Vqa,4.182.221.118,103.26,2020-01-21
667,667,diners-club-enroute,201750916864421,Eggplant - Regular,176.96.102.113,207.14,2020-09-01
668,668,china-unionpay,560224832970329297,Beer - Rickards Red,98.47.127.190,314.21,2020-10-06
669,669,jcb,3576943123843475,Compound - Rum,23.193.166.155,38.97,2020-07-24
670,670,jcb,3579708537005962,Dried Cranberries,102.91.7.174,786.11,2020-11-10
671,671,diners-club-enroute,201796730826880,Persimmons,194.96.229.226,436.19,2020-11-04
672,672,jcb,3555589726636884,Chicken - Wieners,160.234.149.126,134.97,2020-04-18
673,673,jcb,3570577115489362,Lamb - Ground,102.116.164.34,59.00,2020-01-21
674,674,mastercard,5332548460015270,"Thyme - Lemon, Fresh",152.6.25.148,112.03,2020-01-25
675,675,jcb,3578591632576827,Black Currants,101.138.2.223,882.76,2020-03-13
676,676,jcb,3545504477131293,Raspberries - Frozen,198.96.127.34,259.82,2020-06-16
677,677,jcb,3542507010964982,Beef - Montreal Smoked Brisket,18.61.50.179,742.30,2020-06-10
678,678,jcb,3570356217638493,Flower - Dish Garden,106.85.178.223,298.65,2020-06-22
679,679,jcb,3532847758489004,"Pasta - Canelloni, Single Serve",139.16.223.122,999.80,2020-02-26
680,680,mastercard,5007668674305806,Salt - Table,216.116.148.77,55.33,2020-10-17
681,681,china-unionpay,560224132298164942,Wine - Duboeuf Beaujolais,230.52.200.45,544.21,2020-06-15
682,682,jcb,3576215534782638,Beer - Mcauslan Apricot,153.214.142.17,655.39,2020-03-26
683,683,visa,4017959089558845,Wine - Chateau Aqueria Tavel,80.175.225.250,121.58,2020-10-10
684,684,jcb,3571407243791589,"Bread - Multigrain, Loaf",103.8.150.64,972.16,2020-02-12
685,685,mastercard,5373283891565152,Nantucket - Kiwi Berry Cktl.,82.130.162.230,499.00,2019-11-29
686,686,diners-club-carte-blanche,30132712291785,Lighter - Bbq,210.204.38.50,225.86,2020-07-04
687,687,visa-electron,4844345068941609,Ginger - Crystalized,53.65.10.36,737.81,2020-01-19
688,688,mastercard,5100148822557349,Wine - Fume Blanc Fetzer,44.50.2.188,528.92,2020-08-31
689,689,china-unionpay,56022503969719102,Rosemary - Fresh,80.233.188.104,404.27,2020-07-28
690,690,diners-club-enroute,201407071574465,Mushroom Morel Fresh,205.2.100.30,138.66,2020-03-18
691,691,visa,4041372178335,Kahlua,195.212.229.91,650.86,2019-11-23
692,692,maestro,060484644919277099,Fennel - Seeds,53.91.21.102,117.00,2020-03-17
693,693,mastercard,5010128059271078,"Lemonade - Natural, 591 Ml",32.174.120.221,104.87,2020-09-24
694,694,diners-club-us-ca,5419108150994007,"Wine - White, Lindemans Bin 95",219.127.246.97,63.82,2020-02-20
695,695,solo,633459515566673605,Cumin - Ground,121.147.20.193,879.54,2019-11-19
696,696,jcb,3537339447868181,Wine - Rosso Toscano Igt,52.71.254.90,446.31,2019-11-27
697,697,jcb,3567037052938686,Liquid Aminios Acid - Braggs,51.56.239.190,350.60,2019-12-07
698,698,diners-club-carte-blanche,30008415563789,"Lid - High Heat, Super Clear",203.175.126.79,735.70,2020-06-09
699,699,jcb,3548497939918075,Filo Dough,17.8.98.70,50.45,2020-10-11
700,700,jcb,3547358514754031,Versatainer Nc - 888,211.155.137.59,47.31,2020-10-07
701,701,china-unionpay,56022165127060074,Longos - Grilled Veg Sandwiches,233.103.220.221,237.23,2020-07-04
702,702,jcb,3568755248328053,Milk - Chocolate 500ml,125.31.78.156,929.80,2020-09-07
703,703,mastercard,5465065516341401,Fuji Apples,180.133.212.244,781.86,2020-10-09
704,704,instapayment,6391711320736453,Cookies - Englishbay Oatmeal,17.187.240.193,514.12,2020-01-01
705,705,mastercard,5154744281963872,Wine - Alicanca Vinho Verde,85.78.197.203,357.76,2019-12-13
706,706,mastercard,5108753031900289,"Asparagus - Green, Fresh",203.212.158.37,312.88,2020-07-05
707,707,bankcard,5602254575930890,Chocolate Bar - Coffee Crisp,150.131.85.128,677.35,2019-12-25
708,708,mastercard,5403547204575106,Cheese Cloth,215.38.207.244,269.59,2020-08-20
709,709,americanexpress,370785211657539,Chef Hat 20cm,84.218.204.159,748.75,2020-10-23
710,710,jcb,3576604932285718,Nestea - Iced Tea,136.195.127.189,976.58,2019-12-16
711,711,jcb,3547707768360996,Ecolab Silver Fusion,113.88.229.57,920.53,2020-04-26
712,712,mastercard,5358047259743480,"Coke - Diet, 355 Ml",89.126.141.129,78.61,2020-08-06
713,713,mastercard,5138608703145809,Wine - Pinot Noir Stoneleigh,225.253.198.32,399.15,2020-10-04
714,714,jcb,3573070308030679,"Pork - Loin, Boneless",212.183.239.194,508.68,2020-06-24
715,715,switch,6759692165111248323,"Soup - Campbells, Creamy",71.143.88.145,326.32,2020-05-24
716,716,china-unionpay,560223638259137892,"Cheese - Romano, Grated",229.231.57.16,625.33,2020-02-08
717,717,jcb,3557912170596198,Bread - Frozen Basket Variety,113.26.127.49,91.84,2019-11-27
718,718,jcb,3533218620202232,Pastry - Plain Baked Croissant,246.126.119.112,714.62,2019-11-28
719,719,laser,67093778578820977,Tomatoes - Hot House,220.181.219.100,952.69,2019-11-24
720,1,jcb,3530040761280188,Milk - 2%,32.246.214.57,114.84,2020-04-09
721,721,jcb,3566311229425708,"Soup - Campbells, Cream Of",153.101.235.5,903.00,2020-08-21
722,722,solo,6334157903551269890,Taro Root,0.180.55.53,499.96,2020-02-22
723,723,diners-club-carte-blanche,30051326231641,Rootbeer,69.202.131.4,813.91,2020-09-22
724,724,maestro,6761841335076361694,The Pop Shoppe - Lime Rickey,50.16.16.150,447.05,2020-08-15
725,725,bankcard,5602227068438795,"Lemonade - Island Tea, 591 Ml",165.56.190.128,268.44,2020-07-22
726,726,switch,675906877108088092,Beer - Paulaner Hefeweisse,89.244.231.64,968.87,2020-01-17
727,727,china-unionpay,5602210269628885258,Muffin Mix - Chocolate Chip,113.112.189.21,32.93,2020-03-25
728,1,jcb,3565035333719679,Bagelers - Cinn / Brown,167.204.145.161,32.26,2020-04-21
729,729,americanexpress,372301354559876,Sauce - Hollandaise,89.70.95.45,805.68,2020-08-10
730,730,mastercard,5007661357443754,Ocean Spray - Kiwi Strawberry,155.19.237.15,932.95,2020-04-13
731,731,mastercard,5171236089206231,Puff Pastry - Sheets,141.139.150.245,122.52,2020-06-04
732,732,jcb,3577064019055584,Rice - 7 Grain Blend,68.173.230.155,113.59,2020-01-23
733,733,visa-electron,4026821986173780,Bread Foccacia Whole,55.159.214.18,638.55,2020-03-05
734,734,jcb,3568793705538815,V8 - Vegetable Cocktail,170.121.87.41,644.75,2019-12-02
735,735,jcb,3540262101920145,Chicken Breast Halal,5.113.79.145,309.96,2020-10-05
736,736,visa-electron,4405764297917142,Tamarind Paste,67.236.69.2,48.02,2020-05-14
737,737,jcb,3574194628685027,Apple - Custard,111.133.166.231,298.70,2020-07-15
738,738,bankcard,5602214568170953,Pickles - Gherkins,163.76.19.34,673.22,2020-03-05
739,739,china-unionpay,5602212924598739483,Sauce - Marinara,138.42.238.226,555.28,2019-12-30
740,740,jcb,3529791626497499,Vanilla Beans,48.61.155.105,534.47,2020-09-10
741,741,bankcard,5602254351655026,Tea - Honey Green Tea,227.99.134.217,635.95,2020-07-29
742,742,maestro,50188328016198461,Pork - Bacon Cooked Slcd,172.182.170.223,448.87,2020-03-23
743,743,jcb,3535069277162536,Bread - Malt,202.53.48.202,231.52,2019-12-23
744,744,jcb,3544635539635839,Ecolab - Ster Bac,13.160.13.126,665.30,2020-06-17
745,745,jcb,3535625315319527,"Carrots - Purple, Organic",8.241.247.224,656.33,2020-06-20
746,746,americanexpress,343622924982256,Radish,157.61.12.115,134.44,2020-09-09
747,747,mastercard,5100146732955264,Garbage Bags - Black,144.6.165.184,310.07,2020-05-23
748,748,visa-electron,4917438537535490,Butcher Twine 4r,181.208.55.201,169.72,2019-12-24
749,749,diners-club-carte-blanche,30558693857378,Appetizer - Mango Chevre,59.194.100.88,195.48,2020-10-16
750,750,diners-club-enroute,201770259863368,Lettuce - Spring Mix,242.92.171.3,776.59,2020-05-03
751,751,americanexpress,372301149496061,Lemons,255.193.48.177,91.56,2019-12-12
752,752,jcb,3586141738583887,Jicama,226.86.199.157,762.45,2020-06-29
753,753,visa,4243408702126,Seaweed Green Sheets,57.108.163.252,809.42,2020-07-21
754,754,americanexpress,372301570347106,Peppercorns - Pink,253.226.167.149,211.57,2020-03-10
755,755,switch,4903824267695537860,Marjoram - Fresh,104.235.186.12,694.69,2019-12-26
756,756,china-unionpay,561080020357157991,"Veal - Tenderloin, Untrimmed",58.48.63.176,323.89,2020-07-11
757,757,visa,4041371067364,Garbage Bag - Clear,180.130.20.99,937.65,2020-05-03
758,758,mastercard,5152094203159635,Calvados - Boulard,96.46.75.89,114.99,2020-01-17
759,759,jcb,3534552330442996,Pork - Backs - Boneless,84.14.21.42,158.86,2020-04-26
760,760,mastercard,5048370533616710,Beer - Labatt Blue,48.58.202.35,371.30,2020-11-01
761,761,switch,4905148049519882,Beer - Steamwhistle,125.133.33.67,973.67,2019-11-24
762,762,jcb,3540709922038002,"Beef - Bones, Cut - Up",233.115.189.121,996.95,2020-03-15
763,763,mastercard,5493120065670225,Towels - Paper / Kraft,95.206.147.50,465.94,2020-04-15
764,764,jcb,3563895453363646,"Yogurt - Banana, 175 Gr",197.38.62.201,452.53,2020-09-27
765,765,maestro,50381191786687088,Beer - Moosehead,182.219.5.127,619.96,2020-08-09
766,500,jcb,3550534707860785,Wine - Sauvignon Blanc,48.16.230.105,71.07,2020-02-19
767,767,jcb,3562190788252313,Veal - Leg,27.170.229.18,983.57,2020-09-16
768,500,jcb,3550275380598231,"Soup - Beef, Base Mix",130.18.101.46,884.96,2020-08-24
769,769,mastercard,5282639020889039,Pomegranates,44.197.55.174,369.40,2020-08-31
770,770,visa,4041599264702,"Wine - Red, Mouton Cadet",249.5.39.30,834.80,2020-02-03
771,771,jcb,3558868166258699,Chocolate - Compound Coating,193.115.107.146,810.79,2020-04-05
772,772,bankcard,5602252999640624,Squash - Acorn,239.185.204.234,199.71,2019-12-25
773,773,jcb,3568375106687738,Sping Loaded Cup Dispenser,183.111.14.200,240.77,2020-09-10
774,774,china-unionpay,5610195918564989,Blueberries - Frozen,185.40.186.32,910.22,2020-07-27
775,775,china-unionpay,560224875748842380,Kirsch - Schloss,231.218.62.191,153.07,2020-05-19
776,776,visa-electron,4844083972618274,"Beans - Navy, Dry",59.229.62.65,32.10,2020-07-02
777,777,diners-club-carte-blanche,30108297226495,"Yogurt - Banana, 175 Gr",162.210.104.114,894.78,2019-12-13
778,778,jcb,3535072138850125,Crackers Cheez It,107.138.26.248,52.85,2020-06-20
779,779,switch,6333796571652484,Piping Jelly - All Colours,192.165.103.239,444.48,2019-11-25
780,780,mastercard,5218736108523966,"Lobster - Tail, 3 - 4 Oz",181.139.47.228,489.19,2020-08-05
781,781,jcb,3584101443550458,"Bread - Pumpernickle, Rounds",240.10.62.239,312.53,2020-11-07
782,782,jcb,3564307602652449,Vinegar - Red Wine,8.184.229.46,755.00,2020-07-09
783,783,diners-club-enroute,201968913645706,Cheese - Cottage Cheese,60.139.37.94,386.43,2020-04-03
784,784,jcb,3542516747301236,Pepper - Chilli Seeds Mild,242.51.97.78,368.47,2020-11-02
785,785,americanexpress,374622899971054,Olives - Stuffed,142.153.172.168,341.95,2020-08-06
786,786,jcb,3538921056523634,Lid Coffee Cup 8oz Blk,72.187.221.200,41.53,2020-06-23
787,787,jcb,3570795183747533,"Wine - Red, Harrow Estates, Cab",97.173.184.202,908.28,2019-11-17
788,788,bankcard,5610009164519979,Salmon Steak - Cohoe 6 Oz,144.219.219.29,676.47,2020-02-09
789,789,jcb,3548359946961615,Coffee Cup 12oz 5342cd,102.187.5.248,353.88,2020-02-21
790,790,visa-electron,4175004161375566,Hot Choc Vending,45.34.69.131,289.31,2020-03-26
791,791,switch,491165318880780026,Cookies Cereal Nut,203.17.31.252,252.65,2020-09-30
792,792,mastercard,5108754078343045,Beef - Rib Eye Aaa,58.82.18.192,733.30,2020-08-29
793,793,visa,4017956116914991,Coconut Milk - Unsweetened,31.246.101.16,752.26,2020-07-11
794,794,jcb,3584457002196228,Tea - Lemon Green Tea,200.99.39.78,894.38,2020-06-01
795,795,diners-club-us-ca,5410990464178115,Banana - Leaves,163.108.83.152,623.70,2020-07-26
796,796,jcb,3587920767594017,Cinnamon Buns Sticky,198.96.232.245,282.57,2020-10-29
797,797,jcb,3575976371265646,Bread - Mini Hamburger Bun,100.33.209.214,780.16,2020-06-18
798,798,laser,677120628219917869,Munchies Honey Sweet Trail Mix,57.222.46.108,633.77,2020-08-27
799,799,laser,6304793350539961607,"Turkey - Whole, Fresh",237.86.205.88,156.16,2020-09-05
800,800,bankcard,5602226078666650,Mushroom - King Eryingii,148.43.61.212,166.36,2020-05-27
801,801,diners-club-enroute,201789381771604,Wine - Stoneliegh Sauvignon,40.120.90.159,202.08,2020-01-24
802,802,jcb,3533286066608865,Iced Tea Concentrate,192.47.33.245,339.49,2020-01-15
803,803,china-unionpay,560225663010197256,Avocado,225.25.70.38,813.32,2020-09-12
804,804,solo,6767358024808513,Oil - Margarine,229.48.87.205,450.77,2020-10-17
805,805,americanexpress,374283205418015,Beef Striploin Aaa,7.228.169.194,73.38,2019-12-19
806,806,diners-club-carte-blanche,30118655722910,Wine - Hardys Bankside Shiraz,20.168.156.44,269.94,2020-02-23
807,807,jcb,3530561259649113,"Fish - Atlantic Salmon, Cold",14.253.103.76,214.88,2020-03-18
808,808,instapayment,6380379678573432,Pasta - Cheese / Spinach Bauletti,14.14.180.245,640.41,2020-08-07
809,809,switch,4905613597134736818,Bread - Raisin Walnut Pull,241.129.139.141,409.40,2020-04-27
810,810,jcb,3549754893287288,Lid - 0090 Clear,130.241.193.98,78.25,2020-02-15
811,811,jcb,3553103580107388,Heavy Duty Dust Pan,150.15.160.124,255.85,2020-05-16
812,812,visa-electron,4175003489229182,Cheese - Gouda,112.170.229.139,85.04,2020-08-09
813,813,jcb,3560264746287497,Island Oasis - Mango Daiquiri,6.11.252.223,657.77,2020-01-03
814,814,solo,6334008771364493739,Quail - Jumbo Boneless,53.231.52.223,420.73,2020-03-11
815,815,jcb,3577656319522666,Fondant - Icing,163.67.230.245,28.05,2019-11-24
816,816,jcb,3556054357228765,Chicken Breast Halal,208.153.117.57,552.87,2020-10-20
817,817,jcb,3551272899047783,Cinnamon Rolls,197.191.152.4,963.27,2020-02-22
818,818,jcb,3540272310781642,Bread - English Muffin,133.230.34.218,887.56,2020-01-07
819,819,maestro,67611187605450209,Icecream - Dstk Cml And Fdg,248.33.219.228,581.10,2020-06-08
820,820,bankcard,5602240974087549,Lamb - Whole Head Off,94.174.151.96,255.81,2020-09-04
821,821,jcb,3569041855127644,Table Cloth 120 Round White,116.116.204.189,909.38,2019-11-23
822,822,jcb,3573883489115782,Beans - Butter Lrg Lima,174.140.207.237,946.00,2019-11-15
823,823,americanexpress,372966333135640,Cake - Dulce De Leche,4.17.41.184,343.79,2020-07-09
824,824,jcb,3546012341253557,"Pasta - Elbows, Macaroni, Dry",49.242.121.180,529.45,2020-01-17
825,825,visa,4041373540236,Bread - Triangle White,55.80.3.149,247.25,2020-03-16
826,826,visa-electron,4026764516654723,"Crab - Back Fin Meat, Canned",184.43.147.73,739.74,2020-01-20
827,827,jcb,3576651809582966,Cookies Oatmeal Raisin,120.156.56.222,559.53,2020-06-14
828,828,diners-club-enroute,201907391605295,Bread - 10 Grain,206.189.158.242,493.50,2020-08-10
829,829,maestro,6763120272728247,Pate - Cognac,14.213.207.88,218.85,2020-09-26
830,830,jcb,3556116164641439,Tomato - Peeled Italian Canned,239.160.197.111,223.43,2020-05-16
831,831,jcb,3571777099181311,Flour - Chickpea,127.21.138.170,138.72,2020-07-14
832,832,diners-club-enroute,201901627230218,Mustard - Dijon,145.202.137.50,588.44,2020-06-23
833,833,visa,4041591189659,"Wine - Red, Colio Cabernet",106.81.188.108,423.53,2020-02-27
834,834,mastercard,5363119682847809,"Stock - Chicken, White",175.78.76.20,909.04,2019-11-14
835,835,jcb,3545308398133689,Pancetta,33.91.57.23,915.70,2020-02-13
836,836,jcb,3576467593335804,"Cheese - Mozzarella, Buffalo",82.27.89.76,47.72,2020-03-02
837,837,jcb,3565269329806907,Mustard - Individual Pkg,135.226.131.242,721.23,2020-06-17
838,838,jcb,3560161903202584,"Wine - White, Ej",129.96.36.174,656.72,2020-07-17
839,839,mastercard,5428427912888557,"Chicken - Thigh, Bone In",203.40.7.115,152.67,2020-02-15
840,840,jcb,3543156896220603,Beef Dry Aged Tenderloin Aaa,108.55.244.251,987.85,2020-07-12
841,841,jcb,3559313981783133,Bag Clear 10 Lb,207.65.199.33,138.78,2020-09-21
842,842,maestro,6761055194817567387,"Beans - Long, Chinese",87.31.36.31,492.98,2019-12-06
843,843,jcb,3538020140654578,Jolt Cola - Red Eye,32.157.194.162,891.07,2020-01-23
844,844,maestro,502013755372512656,Chicken - Leg / Back Attach,152.18.163.122,667.46,2020-07-02
845,845,jcb,3583215055758703,Truffle Shells - White Chocolate,53.5.71.193,243.90,2020-08-12
846,846,diners-club-international,36846090289327,Strawberries - California,24.164.75.168,112.92,2019-11-30
847,847,mastercard,5100146855015995,Pancetta,127.101.149.199,388.75,2020-05-27
848,848,laser,6771751768143010,Pork - Backfat,221.41.223.105,342.59,2020-06-18
849,849,americanexpress,337941750670787,White Baguette,59.94.195.18,374.60,2020-07-06
850,850,jcb,3531302081438337,"Cheese - Brie, Triple Creme",51.4.127.171,276.31,2020-01-19
851,851,jcb,3564952332751696,Beer - Mcauslan Apricot,181.130.84.166,769.14,2020-10-06
852,852,jcb,3545512635413768,Bread Ww Cluster,90.121.201.143,653.74,2019-11-17
853,853,china-unionpay,5602217515070011667,Clam - Cherrystone,27.216.49.98,773.95,2019-11-30
854,854,jcb,3534477871946652,"Shrimp - 16/20, Iqf, Shell On",50.104.84.189,992.06,2020-09-23
855,855,diners-club-us-ca,5556821581580244,Chickhen - Chicken Phyllo,210.247.27.245,581.88,2020-04-18
856,856,bankcard,5602214601368465,Scrubbie - Scotchbrite Hand Pad,1.123.87.89,722.47,2020-02-19
857,857,americanexpress,374288998647514,Bread - Dark Rye,46.111.60.131,202.37,2020-04-13
858,858,mastercard,5150954689209612,Sage Derby,247.98.152.239,717.98,2020-05-11
859,859,mastercard,5010129801198783,"Mushroom - Enoki, Fresh",202.81.29.155,67.42,2020-10-05
860,860,mastercard,5048374607467521,Milk - Chocolate 500ml,142.184.223.51,423.17,2020-04-03
861,861,diners-club-enroute,201861483067387,Salt And Pepper Mix - White,218.244.159.73,388.41,2019-12-07
862,862,visa-electron,4917677058458901,Cheese - Gorgonzola,163.253.225.115,578.82,2020-08-09
863,863,laser,6709948801815888,Longos - Penne With Pesto,185.75.180.171,686.79,2019-11-26
864,864,diners-club-carte-blanche,30436788213734,Wine - Placido Pinot Grigo,178.68.174.130,421.44,2020-04-05
865,865,diners-club-carte-blanche,30120952832129,Wine - Ice Wine,244.231.42.29,576.78,2020-01-16
866,866,jcb,3545896956149618,Muffin Orange Individual,31.250.41.163,767.96,2020-09-02
867,867,diners-club-enroute,201537082948942,"Wine - Red, Wolf Blass, Yellow",107.243.65.219,558.67,2020-10-01
868,868,mastercard,5048373165274287,Tomato - Plum With Basil,127.17.228.166,904.76,2020-10-13
869,869,jcb,3555592315147800,Squid - Tubes / Tenticles 10/20,117.77.239.218,555.13,2020-05-27
870,870,mastercard,5010124158619978,Ham Black Forest,70.39.203.67,950.01,2020-04-23
871,871,laser,67710792336744521,Salmon - Fillets,86.232.14.103,108.37,2019-11-21
872,872,jcb,3549664092737639,Dill Weed - Dry,32.47.232.120,971.79,2020-10-04
873,873,americanexpress,374283196826390,Calypso - Strawberry Lemonade,47.36.166.198,275.95,2020-06-25
874,874,switch,6759450506888350,Radish - Pickled,205.123.151.177,402.97,2020-11-07
875,875,jcb,3556774950184962,Crackers - Water,74.17.30.212,410.20,2020-07-15
876,876,visa-electron,4913358971201389,Beer - Moosehead,99.145.114.125,247.55,2020-09-19
877,877,mastercard,5100132742872533,Pecan Raisin - Tarts,191.245.64.243,435.25,2020-07-16
878,878,jcb,3547593825857996,"Pasta - Tortellini, Fresh",135.47.162.228,752.38,2020-09-16
879,879,jcb,3579388418487181,Vinegar - Red Wine,199.208.16.51,473.42,2019-11-24
880,880,jcb,3581330319242667,Paper Towel Touchless,219.111.68.189,301.22,2020-02-26
881,881,mastercard,5532555630023959,Cake - Cake Sheet Macaroon,172.48.24.228,90.57,2020-02-15
882,882,visa,4041372385906,Peas Snow,9.63.25.149,291.62,2019-12-24
883,883,mastercard,5100133167062808,Glaze - Clear,208.130.159.197,441.85,2020-04-08
884,884,jcb,3569537454533397,Onions - Red Pearl,128.167.231.39,267.72,2020-06-12
885,885,jcb,3537285236223510,"Sparkling Wine - Rose, Freixenet",130.204.207.22,708.32,2020-06-21
886,886,americanexpress,372301072056783,Chips - Miss Vickies,204.31.8.143,156.97,2020-08-10
887,887,bankcard,5602223677558248,Parasol Pick Stir Stick,104.140.18.125,371.00,2019-12-06
888,888,diners-club-enroute,201759824198376,Pork - Inside,151.80.230.126,233.34,2020-08-08
889,889,americanexpress,372301154069100,"Hickory Smoke, Liquid",12.41.75.21,689.99,2019-12-22
890,890,visa-electron,4026501326971941,Temperature Recording Station,251.97.111.221,799.88,2020-10-12
891,891,solo,6334303084805739096,Ezy Change Mophandle,196.160.5.118,131.50,2020-07-02
892,892,jcb,3532269141610438,"Beef - Rib Roast, Cap On",209.177.243.28,69.23,2020-03-29
893,893,jcb,3558820678996324,"Chicken - Leg, Boneless",23.152.37.34,635.22,2020-08-04
894,894,jcb,3532296633928507,Coffee - Ristretto Coffee Capsule,32.141.224.16,648.30,2020-05-12
895,895,switch,490301784359260534,Wooden Mop Handle,194.16.224.168,751.07,2020-01-20
896,896,jcb,3576332194066622,Cheese - Feta,9.69.5.65,104.37,2020-01-23
897,897,switch,6331104272567063,Pears - Bosc,26.251.216.237,456.46,2020-06-03
898,898,jcb,3534082887052592,Bread - Pita,86.165.252.186,621.93,2019-11-24
899,899,jcb,3553864818801460,Sausage - Blood Pudding,120.34.163.87,472.24,2019-12-04
900,900,jcb,3546027852420056,Wine - Chardonnay Mondavi,128.75.14.143,817.81,2020-05-03
901,901,maestro,060494572695502224,Sage - Fresh,67.77.102.63,243.15,2020-01-19
902,902,jcb,3531639737871910,"Rum - Light, Captain Morgan",168.195.252.109,628.34,2020-02-24
903,903,china-unionpay,5610798823580576,"Pasta - Spaghetti, Dry",172.103.2.188,63.12,2020-03-20
904,904,mastercard,5100139295070498,Cookie Dough - Oatmeal Rasin,215.114.189.57,599.22,2020-01-03
905,905,jcb,3558719801843181,Bacardi Limon,201.130.133.59,433.94,2020-02-16
906,906,maestro,67626647961132744,"Liqueur Banana, Ramazzotti",10.158.37.131,157.95,2020-09-22
907,907,switch,5641823129504326917,"Pork - Loin, Bone - In",67.160.67.47,266.28,2019-12-24
908,908,instapayment,6376920764624393,Fennel - Seeds,225.64.245.207,257.45,2020-09-24
909,909,jcb,3560430558099573,Cookies Cereal Nut,81.29.223.182,895.75,2019-12-17
910,910,switch,564182800501283186,Pickle - Dill,189.117.48.119,52.04,2020-03-10
911,911,maestro,5038039292663150699,Piping Jelly - All Colours,11.151.215.12,977.46,2019-12-22
912,912,visa-electron,4026732417343381,"Radish - Black, Winter, Organic",93.62.15.31,242.45,2020-04-06
913,913,jcb,3560077503519823,Extract - Almond,61.155.12.178,685.00,2020-02-26
914,914,maestro,5020045543988256433,Chocolate - Feathers,177.40.95.226,549.80,2020-09-26
915,915,jcb,3552466584025505,Yukon Jack,69.103.160.123,813.04,2020-05-17
916,916,jcb,3547005750285341,Pears - Anjou,152.188.123.170,561.78,2020-05-17
917,917,diners-club-us-ca,5442236198423449,English Muffin,44.18.98.194,290.81,2020-07-15
918,918,china-unionpay,5602234015565282,Crab - Soft Shell,254.119.145.228,432.19,2020-04-23
919,919,switch,6759028422886904,Ice Cream - Turtles Stick Bar,17.95.96.220,426.99,2020-06-22
920,920,switch,675914810649795222,Veal - Slab Bacon,33.0.58.30,241.16,2020-01-30
921,921,china-unionpay,5602216878390624861,Wine - Beaujolais Villages,162.59.181.89,844.20,2020-01-09
922,922,visa-electron,4917103311257030,Flax Seed,130.70.237.7,998.05,2020-07-13
923,923,visa-electron,4844608842415095,Vinegar - Red Wine,32.182.207.134,457.23,2020-01-28
924,924,jcb,3547800626006396,Wasabi Powder,124.83.165.170,237.39,2020-02-27
925,925,jcb,3533286384183625,Food Colouring - Blue,3.33.105.8,443.23,2020-03-25
926,926,diners-club-enroute,201580372101806,Wanton Wrap,199.96.136.102,595.29,2019-12-08
927,927,diners-club-us-ca,5571594456439017,"Lettuce - Romaine, Heart",216.96.25.208,275.95,2020-11-02
928,928,diners-club-enroute,201707520363539,Sugar - Splenda Sweetener,92.1.184.183,414.96,2020-08-13
929,929,americanexpress,374288353388373,"Soup - Beef Conomme, Dry",75.71.147.199,637.56,2020-04-29
930,930,jcb,3543992557702327,Energy Drink Red Bull,158.151.90.44,474.31,2020-09-13
931,931,maestro,060463477684295474,Veal - Liver,212.174.138.158,55.44,2020-09-30
932,932,visa-electron,4405467020110056,Puree - Strawberry,236.234.139.203,168.73,2020-10-16
933,933,visa,4041599871190058,"Liners - Banana, Paper",47.28.131.123,297.74,2020-04-04
934,934,china-unionpay,5602232899794268139,Napkin Colour,57.13.37.243,551.18,2020-10-16
935,935,jcb,3573022131876125,Cheese - Cottage Cheese,72.203.209.184,97.84,2020-03-25
936,936,switch,4903748508544701,"Pepper - Black, Crushed",140.231.116.192,440.25,2020-11-07
937,937,jcb,3584311045603650,Appetizer - Chicken Satay,84.53.135.48,867.73,2020-03-05
938,938,jcb,3548121482534317,Leeks - Large,161.21.249.159,656.73,2020-06-16
939,939,mastercard,5397830530713957,Chinese Lemon Pork,125.80.39.133,235.35,2020-06-13
940,940,jcb,3573822450122948,Carroway Seed,135.249.17.22,764.57,2020-09-20
941,941,jcb,3586057456880216,Curry Powder Madras,233.178.239.159,307.63,2019-11-17
942,942,bankcard,5602251674043021,Oyster - In Shell,192.135.156.238,606.73,2020-11-08
943,943,jcb,3542782369279023,Wine - Cava Aria Estate Brut,41.104.71.249,718.32,2020-11-03
944,944,jcb,3541013594631932,Tamarillo,45.66.145.149,67.61,2020-02-09
945,945,visa-electron,4844444269491033,Ecolab - Solid Fusion,100.65.185.196,514.97,2020-04-08
946,946,mastercard,5007662947199120,"Mushroom - Shitake, Fresh",23.108.55.120,657.92,2020-06-27
947,947,americanexpress,337941702978403,Carbonated Water - Wildberry,49.54.48.82,527.30,2019-11-17
948,948,laser,63046209557760692,Beer - Fruli,2.162.45.143,188.79,2020-04-08
949,949,visa-electron,4026748197614601,Cucumber - English,92.250.69.201,893.79,2020-10-11
950,950,diners-club-enroute,201847127834167,Cheese - Gouda Smoked,200.246.118.216,969.57,2020-07-19
951,951,americanexpress,337941876163006,Tea - Apple Green Tea,177.224.229.23,433.70,2020-06-21
952,952,visa-electron,4917092196868682,Ham - Black Forest,229.36.229.21,536.83,2020-07-23
953,953,jcb,3558295015845577,Papayas,73.138.107.181,544.97,2019-12-04
954,954,jcb,3568478518767435,Tuna - Yellowfin,141.203.20.52,686.71,2020-08-22
955,955,bankcard,5602242306995449,Pimento - Canned,220.226.124.121,886.61,2020-04-24
956,956,jcb,3569956667770572,Cheese Cloth,127.53.74.126,75.31,2020-03-05
957,957,jcb,3582682877489075,Zucchini - Yellow,131.186.82.129,611.33,2020-01-22
958,958,americanexpress,337941016240540,Creme De Banane - Marie,62.196.134.142,233.10,2020-07-05
959,959,visa-electron,4175006583191851,Bread - Rosemary Focaccia,219.40.244.139,348.07,2020-09-03
960,960,jcb,3558766338402882,Smirnoff Green Apple Twist,132.212.9.208,883.79,2020-08-17
961,961,jcb,3559303328192452,Creme De Menthe Green,29.50.181.150,253.15,2020-10-12
962,962,switch,4903410974508336,Wine - Pinot Noir Stoneleigh,20.53.41.164,35.22,2020-06-15
963,963,switch,491129215125377011,Longos - Burritos,157.147.255.111,818.32,2020-03-29
964,964,jcb,3531736447568610,Breakfast Quesadillas,93.33.105.173,216.85,2020-11-01
965,965,diners-club-carte-blanche,30013445563957,Appetizer - Sausage Rolls,15.109.247.140,467.39,2020-09-16
966,966,jcb,3541426234071055,Crawfish,98.96.83.185,151.34,2020-08-15
967,967,diners-club-enroute,201662112662246,Milk - 2% 250 Ml,162.217.41.9,750.11,2020-06-22
968,968,visa-electron,4405669881424050,Tea - Jasmin Green,12.42.24.162,820.48,2020-04-22
969,969,switch,4911835322034782998,Quinoa,34.172.67.7,205.75,2020-02-08
970,970,china-unionpay,5602239186445180,Chocolate - Unsweetened,16.109.134.56,726.91,2020-04-25
971,971,visa-electron,4913759379040636,Maintenance Removal Charge,252.130.111.136,736.78,2019-12-08
972,972,jcb,3556736711087818,"Tea - Darjeeling, Azzura",161.136.17.255,581.40,2019-12-11
973,973,jcb,3581235585126231,Rabbit - Saddles,199.199.40.252,274.65,2020-09-16
974,974,jcb,3550219943448559,Pomegranates,12.79.96.184,111.21,2020-06-11
975,975,diners-club-enroute,201972644236801,Oil - Sesame,2.229.59.230,742.75,2020-07-21
976,976,laser,6706675558801930386,"Turkey - Breast, Bone - In",52.94.13.219,766.41,2020-10-29
977,977,jcb,3548200398580117,Laundry - Bag Cloth,134.44.92.43,602.10,2020-07-15
978,978,jcb,3588881660265312,Crackers - Soda / Saltins,174.140.90.224,337.85,2020-03-17
979,979,switch,4903902070430589,Soup - French Can Pea,78.147.222.41,157.86,2020-10-20
980,980,americanexpress,348069862857972,Turkey - Oven Roast Breast,94.150.90.4,383.03,2019-12-16
981,981,jcb,3568325518356711,Wine - Shiraz Wolf Blass Premium,32.12.68.210,736.68,2020-05-16
982,982,bankcard,5602232160699690,Oil - Sunflower,21.169.70.67,208.70,2020-06-20
983,983,bankcard,5602235939294925,Cheese - Wine,22.32.134.221,648.75,2020-06-25
984,984,jcb,3540476501203379,Basil - Thai,131.185.141.186,455.53,2020-07-24
985,985,jcb,3543690098990589,Cardamon Seed / Pod,83.153.120.221,734.84,2020-04-20
986,986,maestro,0604981373291375007,Plate Foam Laminated 9in Blk,143.118.111.118,603.42,2020-10-12
987,1,americanexpress,337941318566741,"Olives - Black, Pitted",148.38.72.90,916.14,2020-09-04
988,988,jcb,3571752633197180,Longan,17.236.82.70,975.01,2020-03-21
989,989,mastercard,5257307186363295,Nantucket Cranberry Juice,85.80.57.113,855.35,2020-04-05
990,990,americanexpress,374288052625869,Brandy Apricot,115.54.207.138,435.39,2020-01-16
991,991,switch,4911138103429591,Napkin Colour,221.166.138.138,137.33,2020-10-19
992,500,jcb,3567565665141116,Cheese - Le Cheve Noir,231.131.9.122,708.58,2020-07-09
993,993,jcb,3560788321009462,Soup - Campbells Asian Noodle,58.230.207.151,749.74,2020-06-04
994,994,jcb,3565088237853771,Mix - Cocktail Strawberry Daiquiri,253.115.110.56,44.39,2020-04-02
995,995,laser,6304412963518342,Venison - Liver,239.118.18.50,751.41,2019-12-21
996,996,jcb,3549599055934445,Calypso - Strawberry Lemonade,208.154.197.135,808.93,2020-08-04
997,997,jcb,3551055729515081,Tuna - Sushi Grade,2.255.163.171,157.88,2020-02-16
998,998,visa-electron,4508897692112467,Bread - Calabrese Baguette,109.23.246.219,678.70,2020-05-03
999,999,americanexpress,374622529232422,Chinese Foods - Cantonese,52.223.42.152,658.18,2020-05-07
1000,1,visa,4017955895248,Wine - Placido Pinot Grigo,231.210.132.151,265.30,2019-12-30
